Date,Global_active_power,Global_reactive_power,Voltage,Global_intensity,Sub_metering_1,Sub_metering_2,Sub_metering_3,RR,NBJRR1,NBJRR5,NBJRR10,NBJBROU,Sub_metering_remainder
2006-12-16,1209.176,34.922,236.244,13.083,0.000,546.000,4926.000,63.750,9.333,5.667,2.167,0.167,14680.933
2006-12-17,3390.460,226.006,240.087,9.999,2033.000,4187.000,13341.000,63.750,9.333,5.667,2.167,0.167,36946.667
2006-12-18,2203.826,161.792,241.232,6.422,1063.000,2621.000,14018.000,63.750,9.333,5.667,2.167,0.167,19028.433
2006-12-19,1666.194,150.942,241.999,4.926,839.000,7602.000,6197.000,63.750,9.333,5.667,2.167,0.167,13131.900
2006-12-20,2225.748,160.998,242.308,6.467,0.000,2648.000,14063.000,63.750,9.333,5.667,2.167,0.167,20384.800
2006-12-21,1716.624,144.166,241.041,5.034,1765.000,2623.000,10421.000,63.750,9.333,5.667,2.167,0.167,13801.400
2006-12-22,2341.338,186.906,241.185,6.873,3151.000,350.000,11131.000,63.750,9.333,5.667,2.167,0.167,24390.300
2006-12-23,4773.386,221.470,240.136,14.028,2669.000,425.000,14726.000,63.750,9.333,5.667,2.167,0.167,61736.433
2006-12-24,2550.012,149.900,241.687,7.640,1703.000,5082.000,6891.000,63.750,9.333,5.667,2.167,0.167,28824.200
2006-12-25,2743.120,240.280,243.400,7.952,6620.000,1962.000,5795.000,63.750,9.333,5.667,2.167,0.167,31341.667
2006-12-26,3934.110,165.102,241.625,11.348,1086.000,2533.000,14979.000,63.750,9.333,5.667,2.167,0.167,46970.500
2006-12-27,1528.760,178.902,243.767,4.517,0.000,314.000,6976.000,63.750,9.333,5.667,2.167,0.167,18189.333
2006-12-28,2072.638,208.876,243.268,6.086,2207.000,4419.000,9176.000,63.750,9.333,5.667,2.167,0.167,18741.967
2006-12-29,3174.392,196.394,240.871,9.271,1252.000,5162.000,11329.000,63.750,9.333,5.667,2.167,0.167,35163.533
2006-12-30,2789.302,311.928,240.541,8.292,3072.000,7891.000,12480.000,63.750,9.333,5.667,2.167,0.167,23045.367
2006-12-31,3494.196,150.852,239.897,10.200,0.000,347.000,6502.000,63.750,9.333,5.667,2.167,0.167,51387.600
2007-01-01,2749.004,148.166,240.129,7.917,0.000,352.000,5880.000,28.360,10.200,0.600,0.000,0.000,39584.733
2007-01-02,1269.236,190.342,241.944,3.714,0.000,348.000,6562.000,28.360,10.200,0.600,0.000,0.000,14243.933
2007-01-03,1014.054,196.728,243.557,3.014,0.000,344.000,4765.000,28.360,10.200,0.600,0.000,0.000,11791.900
2007-01-04,3259.412,202.302,239.750,9.478,1051.000,7597.000,10896.000,28.360,10.200,0.600,0.000,0.000,34779.533
2007-01-05,2713.364,173.154,240.496,7.885,1483.000,379.000,7602.000,28.360,10.200,0.600,0.000,0.000,35758.733
2007-01-06,1508.378,192.188,239.673,4.544,1336.000,402.000,5678.000,28.360,10.200,0.600,0.000,0.000,17723.633
2007-01-07,2447.620,246.074,240.902,7.283,1987.000,8177.000,12810.000,28.360,10.200,0.600,0.000,0.000,17819.667
2007-01-08,2241.360,207.568,239.577,6.552,0.000,467.000,17547.000,28.360,10.200,0.600,0.000,0.000,19342.000
2007-01-09,1869.054,207.248,240.488,5.521,1688.000,4267.000,9790.000,28.360,10.200,0.600,0.000,0.000,15405.900
2007-01-10,2154.800,228.452,241.027,6.358,771.000,4456.000,11012.000,28.360,10.200,0.600,0.000,0.000,19674.333
2007-01-11,2255.194,230.020,241.156,6.658,1378.000,2170.000,12415.000,28.360,10.200,0.600,0.000,0.000,21623.567
2007-01-12,1461.296,199.140,241.538,4.309,0.000,439.000,8276.000,28.360,10.200,0.600,0.000,0.000,15639.933
2007-01-13,3186.814,290.736,239.284,9.453,7806.000,2975.000,11341.000,28.360,10.200,0.600,0.000,0.000,30991.567
2007-01-14,3007.816,227.120,238.822,8.968,1777.000,4215.000,12975.000,28.360,10.200,0.600,0.000,0.000,31163.267
2007-01-15,2148.678,174.860,241.241,6.262,1099.000,2239.000,15163.000,28.360,10.200,0.600,0.000,0.000,17310.300
2007-01-16,1686.404,185.428,241.945,4.976,2063.000,644.000,6583.000,28.360,10.200,0.600,0.000,0.000,18816.733
2007-01-17,2847.688,200.752,241.005,8.284,3500.000,5737.000,16064.000,28.360,10.200,0.600,0.000,0.000,22160.467
2007-01-18,1821.462,177.712,240.894,5.342,0.000,336.000,13491.000,28.360,10.200,0.600,0.000,0.000,16530.700
2007-01-19,1480.440,170.052,240.161,4.376,2103.000,330.000,7172.000,28.360,10.200,0.600,0.000,0.000,15069.000
2007-01-20,3133.732,238.362,238.867,9.348,4324.000,5222.000,11440.000,28.360,10.200,0.600,0.000,0.000,31242.867
2007-01-21,3407.262,229.736,238.968,10.191,10346.000,5567.000,11599.000,28.360,10.200,0.600,0.000,0.000,29275.700
2007-01-22,2180.494,168.642,241.603,6.355,1054.000,2983.000,11361.000,28.360,10.200,0.600,0.000,0.000,20943.567
2007-01-23,1777.640,138.280,242.763,5.261,0.000,1064.000,5061.000,28.360,10.200,0.600,0.000,0.000,23502.333
2007-01-24,2987.854,178.060,241.458,8.734,3464.000,2480.000,11744.000,28.360,10.200,0.600,0.000,0.000,32109.567
2007-01-25,1596.344,144.160,243.424,4.629,1158.000,262.000,11239.000,28.360,10.200,0.600,0.000,0.000,13946.733
2007-01-26,1617.972,142.902,242.772,4.721,1163.000,261.000,8238.000,28.360,10.200,0.600,0.000,0.000,17304.200
2007-01-27,2044.072,148.242,241.617,5.950,1170.000,3896.000,12374.000,28.360,10.200,0.600,0.000,0.000,16627.867
2007-01-28,3090.204,153.352,240.305,9.134,3466.000,3997.000,12045.000,28.360,10.200,0.600,0.000,0.000,31995.400
2007-01-29,1982.664,165.696,240.930,5.789,1123.000,294.000,15254.000,28.360,10.200,0.600,0.000,0.000,16373.400
2007-01-30,1707.798,180.934,241.841,5.028,1123.000,1424.000,8149.000,28.360,10.200,0.600,0.000,0.000,17767.300
2007-01-31,2363.752,185.988,239.921,6.924,0.000,5950.000,15052.000,28.360,10.200,0.600,0.000,0.000,18393.867
2007-02-01,1824.760,150.264,240.392,5.332,1170.000,386.000,13145.000,84.117,13.333,6.500,3.000,0.000,15711.667
2007-02-02,1667.736,139.542,240.334,4.871,0.000,356.000,11338.000,84.117,13.333,6.500,3.000,0.000,16101.600
2007-02-03,4029.722,245.824,238.910,11.816,4746.000,4573.000,17834.000,84.117,13.333,6.500,3.000,0.000,40009.033
2007-02-04,3595.940,186.494,239.633,10.565,3391.000,4597.000,14472.000,84.117,13.333,6.500,3.000,0.000,37472.333
2007-02-05,1645.280,147.228,240.810,4.820,896.000,2564.000,7849.000,84.117,13.333,6.500,3.000,0.000,16112.333
2007-02-06,1273.480,142.566,241.264,3.772,1185.000,405.000,4517.000,84.117,13.333,6.500,3.000,0.000,15117.667
2007-02-07,2328.018,177.708,241.150,6.792,3299.000,3513.000,11986.000,84.117,13.333,6.500,3.000,0.000,20002.300
2007-02-08,1801.414,138.896,241.797,5.248,2226.000,366.000,10157.000,84.117,13.333,6.500,3.000,0.000,17274.567
2007-02-09,1620.198,158.066,241.740,4.727,0.000,3045.000,9770.000,84.117,13.333,6.500,3.000,0.000,14188.300
2007-02-10,2829.328,192.974,240.037,8.304,5071.000,2831.000,14405.000,84.117,13.333,6.500,3.000,0.000,24848.467
2007-02-11,3571.228,204.314,239.506,10.527,2430.000,4765.000,13114.000,84.117,13.333,6.500,3.000,0.000,39211.467
2007-02-12,1877.610,136.704,240.098,5.503,2227.000,399.000,11517.000,84.117,13.333,6.500,3.000,0.000,17150.500
2007-02-13,1414.546,134.678,241.167,4.144,0.000,2828.000,6256.000,84.117,13.333,6.500,3.000,0.000,14491.767
2007-02-14,2498.672,202.506,240.375,7.315,3295.000,3793.000,11579.000,84.117,13.333,6.500,3.000,0.000,22977.533
2007-02-15,1985.346,165.964,240.669,5.820,0.000,2363.000,14028.000,84.117,13.333,6.500,3.000,0.000,16698.100
2007-02-16,1702.528,151.686,240.821,5.047,1148.000,859.000,8689.000,84.117,13.333,6.500,3.000,0.000,17679.467
2007-02-17,2076.912,238.968,239.316,6.129,1765.000,2226.000,7157.000,84.117,13.333,6.500,3.000,0.000,23467.200
2007-02-18,3829.762,255.522,239.171,11.239,6107.000,8003.000,13129.000,84.117,13.333,6.500,3.000,0.000,36590.367
2007-02-19,2186.614,176.584,239.790,6.442,1634.000,2900.000,13085.000,84.117,13.333,6.500,3.000,0.000,18824.567
2007-02-20,3149.928,187.158,239.865,9.168,2058.000,5191.000,9713.000,84.117,13.333,6.500,3.000,0.000,35536.800
2007-02-21,2072.874,189.870,240.461,6.074,3527.000,2332.000,11548.000,84.117,13.333,6.500,3.000,0.000,17140.900
2007-02-22,3369.478,137.954,238.624,9.871,1409.000,4129.000,12251.000,84.117,13.333,6.500,3.000,0.000,38368.967
2007-02-23,1313.480,149.344,240.686,3.825,0.000,503.000,10786.000,84.117,13.333,6.500,3.000,0.000,10602.333
2007-02-24,714.922,122.202,239.863,2.086,0.000,363.000,3562.000,84.117,13.333,6.500,3.000,0.000,7990.367
2007-02-25,501.740,113.736,241.682,1.462,0.000,329.000,1660.000,84.117,13.333,6.500,3.000,0.000,6373.333
2007-02-26,568.484,108.280,241.274,1.659,0.000,331.000,2830.000,84.117,13.333,6.500,3.000,0.000,6313.733
2007-02-27,518.112,113.204,242.944,1.525,0.000,314.000,1924.000,84.117,13.333,6.500,3.000,0.000,6397.200
2007-02-28,520.774,113.372,242.160,1.528,0.000,340.000,1973.000,84.117,13.333,6.500,3.000,0.000,6366.567
2007-03-01,517.564,107.628,241.321,1.509,0.000,316.000,1980.000,43.217,12.833,2.667,0.000,0.000,6330.067
2007-03-02,515.688,107.008,240.592,1.507,0.000,340.000,1969.000,43.217,12.833,2.667,0.000,0.000,6285.800
2007-03-03,819.122,134.992,241.288,2.401,0.000,347.000,4597.000,43.217,12.833,2.667,0.000,0.000,8708.033
2007-03-04,2090.700,175.682,240.030,6.158,1476.000,8711.000,9408.000,43.217,12.833,2.667,0.000,0.000,15250.000
2007-03-05,2660.332,205.956,240.031,7.840,5727.000,12109.000,10026.000,43.217,12.833,2.667,0.000,0.000,16476.867
2007-03-06,1246.500,186.148,240.988,3.696,0.000,1740.000,4700.000,43.217,12.833,2.667,0.000,0.000,14335.000
2007-03-07,2375.206,171.200,240.324,6.935,1076.000,4761.000,15513.000,43.217,12.833,2.667,0.000,0.000,18236.767
2007-03-08,1572.132,187.404,240.665,4.665,2180.000,3385.000,6655.000,43.217,12.833,2.667,0.000,0.000,13982.200
2007-03-09,1272.612,119.238,240.888,3.731,1093.000,345.000,8631.000,43.217,12.833,2.667,0.000,0.000,11141.200
2007-03-10,2484.712,243.528,239.803,7.342,4130.000,5422.000,10979.000,43.217,12.833,2.667,0.000,0.000,20880.867
2007-03-11,3480.636,173.374,240.007,10.122,4810.000,3420.000,9500.000,43.217,12.833,2.667,0.000,0.000,40280.600
2007-03-12,1950.668,134.422,240.559,5.728,1403.000,2841.000,12353.000,43.217,12.833,2.667,0.000,0.000,15914.133
2007-03-13,1290.144,126.718,240.898,3.806,1350.000,3859.000,5323.000,43.217,12.833,2.667,0.000,0.000,10970.400
2007-03-14,1793.364,157.522,240.777,5.267,3485.000,480.000,8607.000,43.217,12.833,2.667,0.000,0.000,17317.400
2007-03-15,1884.814,159.326,240.280,5.523,0.000,3263.000,11036.000,43.217,12.833,2.667,0.000,0.000,17114.567
2007-03-16,1702.054,130.208,239.527,4.992,1106.000,4604.000,5370.000,43.217,12.833,2.667,0.000,0.000,17287.567
2007-03-17,2028.090,127.068,238.225,5.946,2208.000,359.000,12275.000,43.217,12.833,2.667,0.000,0.000,18959.500
2007-03-18,2371.046,241.450,241.048,7.008,6564.000,7369.000,5856.000,43.217,12.833,2.667,0.000,0.000,19728.433
2007-03-19,2152.518,144.764,240.497,6.282,1648.000,2686.000,14118.000,43.217,12.833,2.667,0.000,0.000,17423.300
2007-03-20,2086.228,164.870,240.816,6.151,3745.000,2837.000,11255.000,43.217,12.833,2.667,0.000,0.000,16933.467
2007-03-21,2142.092,142.830,240.987,6.237,1865.000,4133.000,12335.000,43.217,12.833,2.667,0.000,0.000,17368.533
2007-03-22,1454.978,113.826,241.764,4.223,353.000,736.000,10462.000,43.217,12.833,2.667,0.000,0.000,12698.633
2007-03-23,1309.008,119.488,241.645,3.804,1127.000,777.000,8369.000,43.217,12.833,2.667,0.000,0.000,11543.800
2007-03-24,2968.430,191.024,239.704,8.703,3707.000,5797.000,16382.000,43.217,12.833,2.667,0.000,0.000,23587.833
2007-03-25,3336.124,235.972,240.033,9.722,4630.000,3600.000,9358.000,43.217,12.833,2.667,0.000,0.000,38014.067
2007-03-26,1416.082,160.966,241.337,4.183,1088.000,344.000,9096.000,43.217,12.833,2.667,0.000,0.000,13073.367
2007-03-27,1105.140,151.726,240.602,3.297,0.000,3019.000,3697.000,43.217,12.833,2.667,0.000,0.000,11703.000
2007-03-28,2333.898,196.518,240.445,6.855,1122.000,8527.000,13888.000,43.217,12.833,2.667,0.000,0.000,15361.300
2007-03-29,1590.406,198.696,240.537,4.677,1162.000,460.000,10724.000,43.217,12.833,2.667,0.000,0.000,14160.767
2007-03-30,1402.394,181.128,241.039,4.190,1094.000,468.000,8217.000,43.217,12.833,2.667,0.000,0.000,13594.233
2007-03-31,3509.510,231.504,239.261,10.265,2620.000,7707.000,17682.000,43.217,12.833,2.667,0.000,0.000,30482.833
2007-04-01,2785.952,202.552,240.024,8.149,4629.000,5401.000,19509.000,10.567,1.000,0.833,0.667,0.000,16893.533
2007-04-02,1960.778,174.336,240.460,5.713,1755.000,970.000,16641.000,10.567,1.000,0.833,0.667,0.000,13313.633
2007-04-03,1642.820,168.760,240.505,4.846,3630.000,1042.000,7637.000,10.567,1.000,0.833,0.667,0.000,15071.333
2007-04-04,2051.868,172.318,240.332,5.986,3434.000,420.000,14748.000,10.567,1.000,0.833,0.667,0.000,15595.800
2007-04-05,1844.078,244.538,241.173,5.492,1086.000,4277.000,10523.000,10.567,1.000,0.833,0.667,0.000,14848.633
2007-04-06,1601.140,143.214,241.184,4.689,0.000,5466.000,9166.000,10.567,1.000,0.833,0.667,0.000,12053.667
2007-04-07,1553.924,138.730,240.379,4.565,1127.000,3111.000,5923.000,10.567,1.000,0.833,0.667,0.000,15737.733
2007-04-08,1608.816,135.882,240.349,4.720,0.000,485.000,3545.000,10.567,1.000,0.833,0.667,0.000,22783.600
2007-04-09,1000.920,160.110,240.550,2.975,2667.000,514.000,3801.000,10.567,1.000,0.833,0.667,0.000,9700.000
2007-04-10,777.364,148.940,240.814,2.347,209.000,742.000,2572.000,10.567,1.000,0.833,0.667,0.000,9433.067
2007-04-11,887.482,192.446,241.155,2.619,0.000,1112.000,6421.000,10.567,1.000,0.833,0.667,0.000,7258.367
2007-04-12,537.706,147.812,240.256,1.598,0.000,541.000,1818.000,10.567,1.000,0.833,0.667,0.000,6602.767
2007-04-13,551.022,151.640,240.050,1.643,0.000,558.000,1988.000,10.567,1.000,0.833,0.667,0.000,6637.700
2007-04-14,554.268,155.610,240.313,1.651,0.000,578.000,2008.000,10.567,1.000,0.833,0.667,0.000,6651.800
2007-04-15,726.164,171.544,240.237,2.187,0.000,1026.000,2893.000,10.567,1.000,0.833,0.667,0.000,8183.733
2007-04-16,952.390,186.074,240.657,2.872,952.000,1305.000,4656.000,10.567,1.000,0.833,0.667,0.000,8960.167
2007-04-17,1223.734,218.354,240.196,3.691,1532.000,389.000,6199.000,10.567,1.000,0.833,0.667,0.000,12275.567
2007-04-18,998.246,165.224,240.147,2.995,1579.000,355.000,3430.000,10.567,1.000,0.833,0.667,0.000,11273.433
2007-04-19,1028.658,149.660,240.430,3.056,733.000,1605.000,5748.000,10.567,1.000,0.833,0.667,0.000,9058.300
2007-04-20,822.580,145.646,240.133,2.495,1069.000,360.000,3499.000,10.567,1.000,0.833,0.667,0.000,8781.667
2007-04-21,1673.656,212.658,239.213,5.036,6575.000,463.000,11129.000,10.567,1.000,0.833,0.667,0.000,9727.267
2007-04-22,2233.714,267.194,239.609,6.688,4264.000,2287.000,11102.000,10.567,1.000,0.833,0.667,0.000,19575.567
2007-04-23,1054.566,135.640,237.236,3.264,1402.000,506.000,6005.000,10.567,1.000,0.833,0.667,0.000,9663.100
2007-04-24,1032.100,135.264,235.345,3.145,1125.000,527.000,6680.000,10.567,1.000,0.833,0.667,0.000,8869.667
2007-04-25,1264.162,164.736,234.941,3.858,0.000,1469.000,8812.000,10.567,1.000,0.833,0.667,0.000,10788.367
2007-04-26,1275.466,163.606,234.787,3.924,1324.000,1845.000,7163.000,10.567,1.000,0.833,0.667,0.000,10925.767
2007-04-27,1094.332,161.928,235.216,3.312,1772.000,545.000,4756.000,10.567,1.000,0.833,0.667,0.000,11165.867
2007-04-28,22.738,2.860,233.986,4.638,0.000,18.000,0.000,10.567,1.000,0.833,0.667,0.000,360.967
2007-04-30,420.822,71.718,234.870,3.239,1214.000,500.000,1131.000,10.567,1.000,0.833,0.667,0.000,4168.700
2007-05-01,1663.858,181.608,234.679,5.073,4005.000,995.000,8546.000,81.367,13.000,6.667,2.333,0.000,14184.967
2007-05-02,1003.486,160.092,235.582,3.142,7.000,1490.000,3754.000,81.367,13.000,6.667,2.333,0.000,11473.767
2007-05-03,1090.238,150.942,235.135,3.308,1906.000,1725.000,7836.000,81.367,13.000,6.667,2.333,0.000,6703.633
2007-05-04,998.128,174.740,235.710,3.078,2259.000,538.000,3990.000,81.367,13.000,6.667,2.333,0.000,9848.467
2007-05-05,1563.052,174.102,235.035,4.736,2913.000,2493.000,11303.000,81.367,13.000,6.667,2.333,0.000,9341.867
2007-05-06,2102.104,182.336,234.410,6.409,3215.000,949.000,10095.000,81.367,13.000,6.667,2.333,0.000,20776.067
2007-05-07,1643.664,168.918,234.537,4.981,946.000,4935.000,9433.000,81.367,13.000,6.667,2.333,0.000,12080.400
2007-05-08,1789.292,181.612,234.906,5.356,4581.000,2011.000,8777.000,81.367,13.000,6.667,2.333,0.000,14452.533
2007-05-09,1665.736,183.484,234.874,5.056,3018.000,5631.000,9474.000,81.367,13.000,6.667,2.333,0.000,9639.267
2007-05-10,707.884,168.314,235.796,2.207,946.000,534.000,3261.000,81.367,13.000,6.667,2.333,0.000,7057.067
2007-05-11,979.154,132.096,235.230,3.028,926.000,491.000,6471.000,81.367,13.000,6.667,2.333,0.000,8431.233
2007-05-12,1441.566,209.172,234.723,4.361,2247.000,1075.000,10408.000,81.367,13.000,6.667,2.333,0.000,10296.100
2007-05-13,1634.738,220.670,235.709,4.969,3612.000,2414.000,8958.000,81.367,13.000,6.667,2.333,0.000,12261.633
2007-05-14,1467.782,298.552,235.690,4.574,3176.000,2417.000,5517.000,81.367,13.000,6.667,2.333,0.000,13353.033
2007-05-15,904.392,111.182,235.612,2.733,0.000,408.000,5318.000,81.367,13.000,6.667,2.333,0.000,9347.200
2007-05-16,1692.944,135.894,235.261,5.072,2213.000,5756.000,9077.000,81.367,13.000,6.667,2.333,0.000,11169.733
2007-05-17,1231.816,131.188,235.868,3.721,1014.000,2073.000,7687.000,81.367,13.000,6.667,2.333,0.000,9756.267
2007-05-18,1631.530,171.258,235.995,4.877,3270.000,3913.000,8116.000,81.367,13.000,6.667,2.333,0.000,11893.167
2007-05-19,1429.442,167.858,234.945,4.319,4683.000,530.000,7022.000,81.367,13.000,6.667,2.333,0.000,11589.033
2007-05-20,1968.328,187.532,235.348,5.942,5420.000,1733.000,7611.000,81.367,13.000,6.667,2.333,0.000,18041.467
2007-05-21,1120.062,117.280,234.692,3.339,0.000,468.000,9060.000,81.367,13.000,6.667,2.333,0.000,9139.700
2007-05-22,1132.852,128.916,235.481,3.400,931.000,3966.000,3984.000,81.367,13.000,6.667,2.333,0.000,9999.867
2007-05-23,1464.936,165.878,234.812,4.398,956.000,3792.000,8119.000,81.367,13.000,6.667,2.333,0.000,11548.600
2007-05-24,1154.388,135.560,235.546,3.462,955.000,4116.000,4746.000,81.367,13.000,6.667,2.333,0.000,9422.800
2007-05-25,1614.220,174.588,234.447,4.863,8060.000,586.000,6539.000,81.367,13.000,6.667,2.333,0.000,11718.667
2007-05-26,1512.248,174.240,235.070,4.563,2373.000,2754.000,8628.000,81.367,13.000,6.667,2.333,0.000,11449.133
2007-05-27,2153.808,219.894,234.908,6.507,4366.000,5534.000,10444.000,81.367,13.000,6.667,2.333,0.000,15552.800
2007-05-28,1637.468,151.100,234.907,4.922,4554.000,473.000,9586.000,81.367,13.000,6.667,2.333,0.000,12678.133
2007-05-29,1061.340,113.244,235.694,3.207,0.000,1907.000,4332.000,81.367,13.000,6.667,2.333,0.000,11450.000
2007-05-30,1609.866,147.058,234.831,4.828,2250.000,5948.000,7804.000,81.367,13.000,6.667,2.333,0.000,10829.100
2007-05-31,938.550,129.586,235.097,2.792,935.000,477.000,3552.000,81.367,13.000,6.667,2.333,0.000,10678.500
2007-06-01,1044.918,143.182,235.323,3.136,0.000,483.000,7664.000,45.467,10.333,4.000,0.667,0.000,9268.300
2007-06-02,1484.362,166.108,234.469,4.474,3971.000,1250.000,7633.000,45.467,10.333,4.000,0.667,0.000,11885.367
2007-06-03,2108.026,182.458,234.762,6.353,4985.000,7529.000,8334.000,45.467,10.333,4.000,0.667,0.000,14285.767
2007-06-04,911.618,223.192,234.748,2.822,1585.000,836.000,4533.000,45.467,10.333,4.000,0.667,0.000,8239.633
2007-06-05,1458.892,255.692,234.693,4.465,4484.000,1027.000,6448.000,45.467,10.333,4.000,0.667,0.000,12355.867
2007-06-06,1693.638,231.060,234.622,5.109,3329.000,829.000,11663.000,45.467,10.333,4.000,0.667,0.000,12406.300
2007-06-07,985.002,172.334,234.479,2.982,985.000,699.000,3959.000,45.467,10.333,4.000,0.667,0.000,10773.700
2007-06-08,2148.046,229.732,236.197,6.448,2799.000,11440.000,11380.000,45.467,10.333,4.000,0.667,0.000,10181.767
2007-06-09,1059.814,226.656,240.705,3.256,852.000,596.000,6590.000,45.467,10.333,4.000,0.667,0.000,9625.567
2007-06-10,1340.812,239.092,240.844,4.006,4202.000,1924.000,5983.000,45.467,10.333,4.000,0.667,0.000,10237.867
2007-06-11,794.654,194.634,240.857,2.418,0.000,487.000,5328.000,45.467,10.333,4.000,0.667,0.000,7429.233
2007-06-12,918.766,216.416,240.225,2.859,1882.000,475.000,3898.000,45.467,10.333,4.000,0.667,0.000,9057.767
2007-06-13,927.272,208.260,240.398,2.818,957.000,857.000,5216.000,45.467,10.333,4.000,0.667,0.000,8424.533
2007-06-14,1259.084,231.696,239.848,3.783,3322.000,2147.000,7054.000,45.467,10.333,4.000,0.667,0.000,8461.733
2007-06-15,989.604,251.762,240.464,3.066,2269.000,4011.000,4547.000,45.467,10.333,4.000,0.667,0.000,5666.400
2007-06-16,2017.762,307.558,239.502,5.975,3289.000,4498.000,11108.000,45.467,10.333,4.000,0.667,0.000,14734.367
2007-06-17,1947.090,239.814,240.219,5.769,4124.000,5038.000,8734.000,45.467,10.333,4.000,0.667,0.000,14555.500
2007-06-18,678.474,180.810,240.776,2.079,0.000,529.000,4241.000,45.467,10.333,4.000,0.667,0.000,6537.900
2007-06-19,842.360,187.986,240.269,2.561,973.000,535.000,4357.000,45.467,10.333,4.000,0.667,0.000,8174.333
2007-06-20,1074.286,227.302,240.156,3.307,1761.000,2588.000,5106.000,45.467,10.333,4.000,0.667,0.000,8449.767
2007-06-21,806.946,222.546,240.575,2.501,932.000,2400.000,3711.000,45.467,10.333,4.000,0.667,0.000,6406.100
2007-06-22,566.294,208.526,240.836,1.807,0.000,951.000,3482.000,45.467,10.333,4.000,0.667,0.000,5005.233
2007-06-23,477.566,193.120,240.319,1.536,0.000,786.000,2402.000,45.467,10.333,4.000,0.667,0.000,4771.433
2007-06-24,714.656,179.362,241.132,2.208,0.000,791.000,3449.000,45.467,10.333,4.000,0.667,0.000,7670.933
2007-06-25,1072.202,197.270,240.422,3.250,1985.000,3621.000,4816.000,45.467,10.333,4.000,0.667,0.000,7448.033
2007-06-26,944.908,182.420,240.095,2.877,971.000,1334.000,5231.000,45.467,10.333,4.000,0.667,0.000,8212.467
2007-06-27,1480.826,206.998,239.758,4.429,2603.000,6451.000,7270.000,45.467,10.333,4.000,0.667,0.000,8356.433
2007-06-28,1295.438,217.446,239.424,3.890,0.000,4368.000,9541.000,45.467,10.333,4.000,0.667,0.000,7681.633
2007-06-29,1304.198,206.194,240.182,3.942,4363.000,667.000,6797.000,45.467,10.333,4.000,0.667,0.000,9909.633
2007-06-30,1335.314,188.354,240.012,3.972,3049.000,792.000,8376.000,45.467,10.333,4.000,0.667,0.000,10038.233
2007-07-01,1026.664,172.448,240.067,3.081,969.000,736.000,4690.000,78.050,12.667,5.167,3.500,0.000,10716.067
2007-07-02,967.032,176.924,240.672,2.928,1018.000,5281.000,3445.000,78.050,12.667,5.167,3.500,0.000,6373.200
2007-07-03,1059.912,180.338,240.187,3.231,467.000,3214.000,4695.000,78.050,12.667,5.167,3.500,0.000,9289.200
2007-07-04,1003.410,253.334,240.660,3.095,2329.000,2218.000,5632.000,78.050,12.667,5.167,3.500,0.000,6544.500
2007-07-05,1057.290,246.716,240.444,3.233,2922.000,770.000,3973.000,78.050,12.667,5.167,3.500,0.000,9956.500
2007-07-06,1069.524,219.350,240.599,3.269,2826.000,3563.000,4005.000,78.050,12.667,5.167,3.500,0.000,7431.400
2007-07-07,1358.206,214.044,239.910,4.035,997.000,3047.000,10177.000,78.050,12.667,5.167,3.500,0.000,8415.767
2007-07-08,1089.080,196.920,240.339,3.289,1825.000,2831.000,5277.000,78.050,12.667,5.167,3.500,0.000,8218.333
2007-07-09,1180.158,172.422,240.618,3.516,923.000,594.000,9386.000,78.050,12.667,5.167,3.500,0.000,8766.300
2007-07-10,908.324,176.244,239.983,2.786,67.000,2227.000,4631.000,78.050,12.667,5.167,3.500,0.000,8213.733
2007-07-11,722.352,153.856,241.030,2.199,1015.000,647.000,5284.000,78.050,12.667,5.167,3.500,0.000,5093.200
2007-07-12,1069.582,209.098,240.765,3.234,1029.000,2550.000,6419.000,78.050,12.667,5.167,3.500,0.000,7828.367
2007-07-13,794.382,206.694,240.855,2.451,0.000,633.000,4427.000,78.050,12.667,5.167,3.500,0.000,8179.700
2007-07-14,1288.170,258.450,241.292,3.894,3775.000,1968.000,6604.000,78.050,12.667,5.167,3.500,0.000,9122.500
2007-07-15,917.024,233.182,240.597,3.092,862.000,632.000,5585.000,78.050,12.667,5.167,3.500,0.000,8204.733
2007-07-16,853.674,233.960,236.507,2.661,830.000,695.000,4176.000,78.050,12.667,5.167,3.500,0.000,8526.900
2007-07-17,719.632,176.088,234.741,2.276,848.000,694.000,3335.000,78.050,12.667,5.167,3.500,0.000,7116.867
2007-07-18,757.082,156.514,231.088,2.387,909.000,671.000,4628.000,78.050,12.667,5.167,3.500,0.000,6410.033
2007-07-19,677.886,187.012,234.262,2.144,1068.000,703.000,3130.000,78.050,12.667,5.167,3.500,0.000,6397.100
2007-07-20,1110.422,223.118,235.569,3.452,2111.000,2418.000,4765.000,78.050,12.667,5.167,3.500,0.000,9213.033
2007-07-21,1060.248,236.158,234.257,3.292,428.000,512.000,7756.000,78.050,12.667,5.167,3.500,0.000,8974.800
2007-07-22,1375.774,218.246,235.964,4.227,7091.000,2136.000,5563.000,78.050,12.667,5.167,3.500,0.000,8139.567
2007-07-23,991.018,143.770,234.501,3.076,1747.000,1288.000,3847.000,78.050,12.667,5.167,3.500,0.000,9634.967
2007-07-24,825.284,112.810,235.363,2.551,0.000,1607.000,5599.000,78.050,12.667,5.167,3.500,0.000,6548.733
2007-07-25,472.560,108.234,235.641,1.479,0.000,151.000,2333.000,78.050,12.667,5.167,3.500,0.000,5392.000
2007-07-26,924.500,115.092,234.944,2.838,975.000,3633.000,4346.000,78.050,12.667,5.167,3.500,0.000,6454.333
2007-07-27,1202.514,120.456,235.554,3.623,1837.000,49.000,7157.000,78.050,12.667,5.167,3.500,0.000,10998.900
2007-07-28,1621.862,178.730,235.507,4.942,907.000,10265.000,6559.000,78.050,12.667,5.167,3.500,0.000,9300.033
2007-07-29,321.116,118.576,235.712,1.033,0.000,0.000,1288.000,78.050,12.667,5.167,3.500,0.000,4063.933
2007-07-30,466.816,129.492,235.530,1.467,0.000,0.000,2528.000,78.050,12.667,5.167,3.500,0.000,5252.267
2007-07-31,812.332,145.786,234.915,2.502,3277.000,0.000,3575.000,78.050,12.667,5.167,3.500,0.000,6686.867
2007-08-01,1060.338,142.556,235.009,3.253,1583.000,0.000,9812.000,144.960,13.800,7.200,4.400,0.000,6277.300
2007-08-02,1019.416,144.954,234.857,3.087,482.000,0.000,6869.000,144.960,13.800,7.200,4.400,0.000,9639.267
2007-08-03,1063.364,125.388,234.486,3.207,958.000,0.000,9139.000,144.960,13.800,7.200,4.400,0.000,7625.733
2007-08-04,1144.990,139.226,235.257,3.452,552.000,398.000,7966.000,144.960,13.800,7.200,4.400,0.000,10167.167
2007-08-05,787.098,151.254,235.115,2.437,169.000,0.000,6647.000,144.960,13.800,7.200,4.400,0.000,6302.300
2007-08-06,1089.720,154.434,234.703,3.317,1096.000,0.000,7985.000,144.960,13.800,7.200,4.400,0.000,9081.000
2007-08-07,1483.580,131.182,234.554,4.426,437.000,2168.000,9042.000,144.960,13.800,7.200,4.400,0.000,13079.333
2007-08-08,1125.482,119.096,234.512,3.381,1055.000,1111.000,9660.000,144.960,13.800,7.200,4.400,0.000,6932.033
2007-08-09,1071.680,109.474,234.214,3.272,182.000,4515.000,6646.000,144.960,13.800,7.200,4.400,0.000,6518.333
2007-08-10,1028.010,117.656,234.489,3.130,336.000,2651.000,8287.000,144.960,13.800,7.200,4.400,0.000,5859.500
2007-08-11,1091.650,115.770,234.980,3.286,1180.000,910.000,10339.000,144.960,13.800,7.200,4.400,0.000,5765.167
2007-08-12,1241.904,127.776,235.665,3.743,1123.000,1156.000,8582.000,144.960,13.800,7.200,4.400,0.000,9837.400
2007-08-13,1153.012,130.940,235.217,3.449,93.000,476.000,11101.000,144.960,13.800,7.200,4.400,0.000,7546.867
2007-08-14,941.190,132.010,237.076,2.854,951.000,685.000,6256.000,144.960,13.800,7.200,4.400,0.000,7794.500
2007-08-15,1191.860,159.764,239.993,3.542,338.000,508.000,9787.000,144.960,13.800,7.200,4.400,0.000,9231.333
2007-08-16,958.496,131.532,239.738,2.844,962.000,0.000,7476.000,144.960,13.800,7.200,4.400,0.000,7536.933
2007-08-17,1009.892,127.388,240.494,2.982,244.000,0.000,7769.000,144.960,13.800,7.200,4.400,0.000,8818.533
2007-08-18,347.960,119.240,241.280,1.079,0.000,0.000,1830.000,144.960,13.800,7.200,4.400,0.000,3969.333
2007-08-19,1422.294,160.018,239.954,4.262,1025.000,8912.000,5989.000,144.960,13.800,7.200,4.400,0.000,7778.900
2007-08-20,1338.842,155.880,241.301,3.963,1032.000,6965.000,7383.000,144.960,13.800,7.200,4.400,0.000,6934.033
2007-08-21,642.556,157.308,240.573,1.961,0.000,38.000,3296.000,144.960,13.800,7.200,4.400,0.000,7375.267
2007-08-22,1209.808,154.288,240.817,3.571,3048.000,1836.000,7241.000,144.960,13.800,7.200,4.400,0.000,8038.467
2007-08-23,1112.312,157.954,240.647,3.330,2502.000,259.000,5342.000,144.960,13.800,7.200,4.400,0.000,10435.533
2007-08-24,1656.214,262.692,240.495,4.939,1891.000,3782.000,9944.000,144.960,13.800,7.200,4.400,0.000,11986.567
2007-08-25,1150.880,272.548,239.860,3.554,4149.000,2191.000,5678.000,144.960,13.800,7.200,4.400,0.000,7163.333
2007-08-26,1314.906,299.388,239.951,4.013,1541.000,3645.000,5658.000,144.960,13.800,7.200,4.400,0.000,11071.100
2007-08-27,1211.730,299.084,239.924,3.691,2305.000,1229.000,6344.000,144.960,13.800,7.200,4.400,0.000,10317.500
2007-08-28,997.004,181.114,239.550,2.996,1038.000,2468.000,5483.000,144.960,13.800,7.200,4.400,0.000,7627.733
2007-08-29,747.992,175.426,240.745,2.280,957.000,562.000,4932.000,144.960,13.800,7.200,4.400,0.000,6015.533
2007-08-30,1202.458,191.048,240.573,3.604,3822.000,2580.000,4221.000,144.960,13.800,7.200,4.400,0.000,9417.967
2007-08-31,1279.822,187.256,239.986,3.788,1200.000,666.000,8738.000,144.960,13.800,7.200,4.400,0.000,10726.367
2007-09-01,1701.486,289.846,239.356,5.065,2497.000,569.000,9733.000,18.300,4.667,1.333,0.000,0.000,15559.100
2007-09-02,1662.468,231.598,240.045,5.017,3613.000,1617.000,8806.000,18.300,4.667,1.333,0.000,0.000,13671.800
2007-09-03,1038.922,188.422,239.620,3.131,621.000,2515.000,5323.000,18.300,4.667,1.333,0.000,0.000,8856.367
2007-09-04,1584.944,179.626,239.660,4.756,2928.000,3501.000,9821.000,18.300,4.667,1.333,0.000,0.000,10165.733
2007-09-05,1236.572,148.864,239.148,3.698,0.000,4144.000,6705.000,18.300,4.667,1.333,0.000,0.000,9760.533
2007-09-06,901.474,172.026,239.340,2.752,0.000,3888.000,3461.000,18.300,4.667,1.333,0.000,0.000,7675.567
2007-09-07,1336.496,181.738,239.032,4.007,3632.000,551.000,9388.000,18.300,4.667,1.333,0.000,0.000,8703.933
2007-09-08,1469.752,186.330,239.730,4.392,3339.000,1801.000,9164.000,18.300,4.667,1.333,0.000,0.000,10191.867
2007-09-09,1679.502,209.152,238.922,5.054,2184.000,4438.000,9233.000,18.300,4.667,1.333,0.000,0.000,12136.700
2007-09-10,1117.376,177.498,239.389,3.364,935.000,595.000,5613.000,18.300,4.667,1.333,0.000,0.000,11479.933
2007-09-11,983.572,151.764,240.072,2.952,943.000,550.000,5792.000,18.300,4.667,1.333,0.000,0.000,9107.867
2007-09-12,1287.764,171.794,240.015,3.860,0.000,3217.000,7755.000,18.300,4.667,1.333,0.000,0.000,10490.733
2007-09-13,1146.382,165.958,239.310,3.464,1175.000,2523.000,3853.000,18.300,4.667,1.333,0.000,0.000,11555.367
2007-09-14,1135.470,183.126,239.302,3.445,901.000,676.000,5804.000,18.300,4.667,1.333,0.000,0.000,11543.500
2007-09-15,1095.312,184.466,240.002,3.278,0.000,1449.000,6464.000,18.300,4.667,1.333,0.000,0.000,10342.200
2007-09-16,1652.224,192.352,239.560,4.966,3118.000,3064.000,9310.000,18.300,4.667,1.333,0.000,0.000,12045.067
2007-09-17,1461.186,202.314,239.215,4.413,6651.000,926.000,6279.000,18.300,4.667,1.333,0.000,0.000,10497.100
2007-09-18,1167.520,147.132,238.261,3.513,1888.000,2029.000,5425.000,18.300,4.667,1.333,0.000,0.000,10116.667
2007-09-19,1298.684,151.794,240.305,3.883,0.000,2743.000,7937.000,18.300,4.667,1.333,0.000,0.000,10964.733
2007-09-20,1255.532,132.908,239.715,3.721,1056.000,489.000,9996.000,18.300,4.667,1.333,0.000,0.000,9384.533
2007-09-21,1238.780,152.834,239.381,3.733,3130.000,2745.000,6316.000,18.300,4.667,1.333,0.000,0.000,8455.333
2007-09-22,1176.172,183.432,239.483,3.515,944.000,1311.000,7688.000,18.300,4.667,1.333,0.000,0.000,9659.867
2007-09-23,1417.970,242.974,239.500,4.280,2831.000,1929.000,7382.000,18.300,4.667,1.333,0.000,0.000,11490.833
2007-09-24,1354.530,197.624,238.601,4.079,929.000,3935.000,7955.000,18.300,4.667,1.333,0.000,0.000,9756.500
2007-09-25,1764.342,130.078,238.100,5.206,916.000,2253.000,9820.000,18.300,4.667,1.333,0.000,0.000,16416.700
2007-09-26,1822.264,168.628,239.425,5.377,1058.000,9415.000,5661.000,18.300,4.667,1.333,0.000,0.000,14237.067
2007-09-27,1392.600,150.710,239.567,4.078,1066.000,643.000,7324.000,18.300,4.667,1.333,0.000,0.000,14177.000
2007-09-28,1680.498,222.718,239.462,4.994,996.000,3722.000,9952.000,18.300,4.667,1.333,0.000,0.000,13338.300
2007-09-29,2296.522,182.122,239.140,6.793,4085.000,7457.000,8190.000,18.300,4.667,1.333,0.000,0.000,18543.367
2007-09-30,1516.290,163.588,240.065,4.452,1405.000,582.000,10225.000,18.300,4.667,1.333,0.000,0.000,13059.500
2007-10-01,1720.922,146.734,239.240,5.074,1507.000,6622.000,5960.000,59.880,4.600,3.600,2.400,0.400,14593.033
2007-10-02,2198.864,161.828,238.494,6.474,508.000,8022.000,12815.000,59.880,4.600,3.600,2.400,0.400,15302.733
2007-10-03,1280.454,157.738,239.261,3.800,979.000,5024.000,3692.000,59.880,4.600,3.600,2.400,0.400,11645.900
2007-10-04,1518.458,138.448,239.205,4.455,2400.000,444.000,9710.000,59.880,4.600,3.600,2.400,0.400,12753.633
2007-10-05,1394.092,150.636,238.827,4.090,0.000,351.000,9425.000,59.880,4.600,3.600,2.400,0.400,13458.867
2007-10-06,1756.240,186.192,238.381,5.168,4840.000,347.000,9666.000,59.880,4.600,3.600,2.400,0.400,14417.667
2007-10-07,2106.114,153.178,238.826,6.208,2498.000,8255.000,10886.000,59.880,4.600,3.600,2.400,0.400,13462.900
2007-10-08,1095.242,121.896,239.097,3.231,0.000,420.000,5082.000,59.880,4.600,3.600,2.400,0.400,12752.033
2007-10-09,1687.858,159.802,238.879,4.982,2034.000,2147.000,9290.000,59.880,4.600,3.600,2.400,0.400,14659.967
2007-10-10,1166.972,132.752,239.421,3.489,1863.000,2117.000,3345.000,59.880,4.600,3.600,2.400,0.400,12124.533
2007-10-11,1732.446,153.108,238.444,5.109,2630.000,414.000,7806.000,59.880,4.600,3.600,2.400,0.400,18024.100
2007-10-12,1914.504,137.984,238.481,5.667,1020.000,5028.000,11659.000,59.880,4.600,3.600,2.400,0.400,14201.400
2007-10-13,1926.728,125.204,238.765,5.701,969.000,3799.000,8463.000,59.880,4.600,3.600,2.400,0.400,18881.133
2007-10-14,2061.252,150.050,239.101,6.079,2930.000,7494.000,7126.000,59.880,4.600,3.600,2.400,0.400,16804.200
2007-10-15,1266.330,118.182,239.293,3.722,1061.000,339.000,7654.000,59.880,4.600,3.600,2.400,0.400,12051.500
2007-10-16,1964.442,185.414,238.863,5.823,0.000,7871.000,9876.000,59.880,4.600,3.600,2.400,0.400,14993.700
2007-10-17,1576.930,136.400,239.192,4.637,1065.000,453.000,8968.000,59.880,4.600,3.600,2.400,0.400,15796.167
2007-10-18,1518.530,122.500,239.800,4.434,1162.000,317.000,9864.000,59.880,4.600,3.600,2.400,0.400,13965.833
2007-10-19,2085.648,121.478,239.652,6.103,1299.000,3124.000,11648.000,59.880,4.600,3.600,2.400,0.400,18689.800
2007-10-20,1660.246,139.544,241.825,4.815,2363.000,296.000,13225.000,59.880,4.600,3.600,2.400,0.400,11786.767
2007-10-21,1941.940,154.028,241.491,5.702,3712.000,4357.000,7313.000,59.880,4.600,3.600,2.400,0.400,16983.667
2007-10-22,1652.896,116.410,240.545,4.806,0.000,299.000,13027.000,59.880,4.600,3.600,2.400,0.400,14222.267
2007-10-23,1954.648,127.484,241.232,5.712,1067.000,5186.000,10680.000,59.880,4.600,3.600,2.400,0.400,15644.467
2007-10-24,1865.636,146.782,240.808,5.473,4459.000,364.000,9115.000,59.880,4.600,3.600,2.400,0.400,17155.933
2007-10-25,1853.918,132.200,240.473,5.414,1478.000,2433.000,7385.000,59.880,4.600,3.600,2.400,0.400,19602.633
2007-10-26,1437.568,109.676,240.681,4.366,0.000,348.000,5766.000,59.880,4.600,3.600,2.400,0.400,17845.467
2007-10-27,1785.688,109.186,240.201,5.309,1374.000,4856.000,8949.000,59.880,4.600,3.600,2.400,0.400,14582.467
2007-10-28,512.158,92.298,240.866,1.485,0.000,283.000,1765.000,59.880,4.600,3.600,2.400,0.400,6487.967
2007-10-29,545.428,86.998,241.193,1.574,0.000,269.000,2749.000,59.880,4.600,3.600,2.400,0.400,6072.467
2007-10-30,811.008,89.840,240.626,2.351,0.000,1935.000,4256.000,59.880,4.600,3.600,2.400,0.400,7325.800
2007-10-31,1283.210,107.200,240.339,3.742,0.000,4700.000,8915.000,59.880,4.600,3.600,2.400,0.400,7771.833
2007-11-01,496.216,85.046,240.938,1.436,0.000,293.000,1991.000,37.750,8.000,2.833,0.000,0.000,5986.267
2007-11-02,1443.602,93.362,239.349,4.203,1346.000,2115.000,12245.000,37.750,8.000,2.833,0.000,0.000,8354.033
2007-11-03,492.550,88.124,240.191,1.434,0.000,282.000,1936.000,37.750,8.000,2.833,0.000,0.000,5991.167
2007-11-04,1485.686,138.802,240.206,4.384,0.000,4387.000,7068.000,37.750,8.000,2.833,0.000,0.000,13306.433
2007-11-05,1500.592,131.350,239.659,4.396,1265.000,397.000,6583.000,37.750,8.000,2.833,0.000,0.000,16764.867
2007-11-06,2082.378,200.526,238.702,6.150,1105.000,5515.000,10690.000,37.750,8.000,2.833,0.000,0.000,17396.300
2007-11-07,1844.758,193.520,239.565,5.481,5042.000,301.000,6374.000,37.750,8.000,2.833,0.000,0.000,19028.967
2007-11-08,1501.060,134.698,240.753,4.435,1715.000,314.000,6500.000,37.750,8.000,2.833,0.000,0.000,16488.667
2007-11-09,2171.226,113.242,238.715,6.367,0.000,4573.000,15375.000,37.750,8.000,2.833,0.000,0.000,16239.100
2007-11-10,2611.600,237.652,239.110,7.707,3697.000,304.000,13767.000,37.750,8.000,2.833,0.000,0.000,25758.667
2007-11-11,1887.124,185.610,240.260,5.541,3445.000,320.000,6024.000,37.750,8.000,2.833,0.000,0.000,21663.067
2007-11-12,2156.146,137.468,239.826,6.272,1018.000,4165.000,13281.000,37.750,8.000,2.833,0.000,0.000,17471.767
2007-11-13,2214.398,140.952,241.123,6.453,978.000,4933.000,11076.000,37.750,8.000,2.833,0.000,0.000,19919.633
2007-11-14,2047.994,141.590,239.946,5.941,1055.000,295.000,16345.000,37.750,8.000,2.833,0.000,0.000,16438.233
2007-11-15,1491.988,133.066,239.985,4.396,1606.000,571.000,7503.000,37.750,8.000,2.833,0.000,0.000,15186.467
2007-11-16,2309.754,123.978,240.984,6.718,1991.000,4660.000,13564.000,37.750,8.000,2.833,0.000,0.000,18280.900
2007-11-17,2610.094,168.030,240.603,7.599,2588.000,2199.000,14990.000,37.750,8.000,2.833,0.000,0.000,23724.567
2007-11-18,2183.858,161.762,242.260,6.348,5201.000,2097.000,7066.000,37.750,8.000,2.833,0.000,0.000,22033.633
2007-11-19,1723.654,112.030,242.766,5.006,1089.000,253.000,10750.000,37.750,8.000,2.833,0.000,0.000,16635.567
2007-11-20,2095.856,124.832,241.339,6.090,1015.000,3954.000,11026.000,37.750,8.000,2.833,0.000,0.000,18935.933
2007-11-21,1751.836,131.480,241.497,5.115,1139.000,549.000,9455.000,37.750,8.000,2.833,0.000,0.000,18054.267
2007-11-22,1932.378,143.108,241.565,5.656,2867.000,297.000,9001.000,37.750,8.000,2.833,0.000,0.000,20041.300
2007-11-23,2522.618,138.912,240.722,7.341,2168.000,6181.000,13685.000,37.750,8.000,2.833,0.000,0.000,20009.633
2007-11-24,1899.054,150.512,241.803,5.513,1573.000,4131.000,13451.000,37.750,8.000,2.833,0.000,0.000,12495.900
2007-11-25,1395.598,122.776,242.661,4.087,3556.000,279.000,5678.000,37.750,8.000,2.833,0.000,0.000,13746.967
2007-11-26,1569.716,117.050,241.116,4.601,1088.000,288.000,8926.000,37.750,8.000,2.833,0.000,0.000,15859.933
2007-11-27,2801.012,139.994,241.321,8.156,1063.000,11020.000,15111.000,37.750,8.000,2.833,0.000,0.000,19489.533
2007-11-28,1644.940,115.442,242.895,4.776,1182.000,769.000,7810.000,37.750,8.000,2.833,0.000,0.000,17654.667
2007-11-29,1719.230,118.710,242.731,5.018,2031.000,283.000,8818.000,37.750,8.000,2.833,0.000,0.000,17521.833
2007-11-30,2331.728,147.280,243.488,6.757,0.000,7941.000,13601.000,37.750,8.000,2.833,0.000,0.000,17320.133
2007-12-01,3134.942,288.892,240.266,9.192,9356.000,353.000,17847.000,53.283,9.167,4.333,1.167,0.000,24693.033
2007-12-02,2946.188,325.082,240.730,8.619,2090.000,6915.000,10636.000,53.283,9.167,4.333,1.167,0.000,29462.133
2007-12-03,1762.060,131.914,241.080,5.166,1141.000,299.000,10428.000,53.283,9.167,4.333,1.167,0.000,17499.667
2007-12-04,2067.636,145.016,241.536,6.045,1012.000,5828.000,8561.000,53.283,9.167,4.333,1.167,0.000,19059.600
2007-12-05,2153.120,178.398,241.228,6.348,3422.000,295.000,10919.000,53.283,9.167,4.333,1.167,0.000,21249.333
2007-12-06,2487.934,161.936,239.710,7.338,4751.000,318.000,11908.000,53.283,9.167,4.333,1.167,0.000,24488.567
2007-12-07,1769.016,147.640,240.671,5.158,459.000,3710.000,10263.000,53.283,9.167,4.333,1.167,0.000,15051.600
2007-12-08,2213.404,154.340,239.560,6.508,1133.000,2354.000,12283.000,53.283,9.167,4.333,1.167,0.000,21120.067
2007-12-09,2274.584,200.936,239.915,6.702,4176.000,2428.000,8728.000,53.283,9.167,4.333,1.167,0.000,22577.733
2007-12-10,1758.754,125.012,241.904,5.175,1102.000,278.000,8281.000,53.283,9.167,4.333,1.167,0.000,19651.567
2007-12-11,2305.104,133.698,241.460,6.712,1050.000,3817.000,12740.000,53.283,9.167,4.333,1.167,0.000,20811.400
2007-12-12,1588.062,116.886,242.476,4.591,1152.000,254.000,7759.000,53.283,9.167,4.333,1.167,0.000,17302.700
2007-12-13,1847.746,111.490,241.827,5.420,1103.000,1448.000,8911.000,53.283,9.167,4.333,1.167,0.000,19333.767
2007-12-14,1974.808,179.550,241.986,5.758,980.000,3849.000,12941.000,53.283,9.167,4.333,1.167,0.000,15143.467
2007-12-15,2736.876,157.626,241.281,7.980,1706.000,3687.000,14313.000,53.283,9.167,4.333,1.167,0.000,25908.600
2007-12-16,2762.218,126.938,242.685,7.992,3410.000,2281.000,12929.000,53.283,9.167,4.333,1.167,0.000,27416.967
2007-12-17,1797.066,105.098,242.626,5.189,1636.000,243.000,10567.000,53.283,9.167,4.333,1.167,0.000,17505.100
2007-12-18,2623.194,144.080,242.940,7.602,1123.000,5810.000,11093.000,53.283,9.167,4.333,1.167,0.000,25693.900
2007-12-19,2196.052,109.336,242.701,6.334,1233.000,2658.000,11679.000,53.283,9.167,4.333,1.167,0.000,21030.867
2007-12-20,1949.758,119.434,243.168,5.613,1859.000,276.000,13592.000,53.283,9.167,4.333,1.167,0.000,16768.967
2007-12-21,1982.576,106.470,242.882,5.714,1191.000,200.000,12251.000,53.283,9.167,4.333,1.167,0.000,19400.933
2007-12-22,2611.264,141.314,242.146,7.593,3819.000,4550.000,12673.000,53.283,9.167,4.333,1.167,0.000,22479.067
2007-12-23,2409.048,176.272,242.558,6.983,1971.000,3091.000,11962.000,53.283,9.167,4.333,1.167,0.000,23126.800
2007-12-24,2257.848,149.754,242.650,6.550,2985.000,2316.000,14350.000,53.283,9.167,4.333,1.167,0.000,17979.800
2007-12-25,2694.968,151.812,242.981,7.791,4588.000,3368.000,9084.000,53.283,9.167,4.333,1.167,0.000,27876.133
2007-12-26,2580.280,140.314,242.392,7.426,1109.000,2773.000,9480.000,53.283,9.167,4.333,1.167,0.000,29642.667
2007-12-27,2532.198,190.582,242.112,7.396,4122.000,1490.000,7960.000,53.283,9.167,4.333,1.167,0.000,28631.300
2007-12-28,3113.052,206.800,242.284,9.031,1980.000,8554.000,15823.000,53.283,9.167,4.333,1.167,0.000,25527.200
2007-12-29,3298.956,199.892,240.551,9.560,4836.000,2434.000,14906.000,53.283,9.167,4.333,1.167,0.000,32806.600
2007-12-30,2558.916,178.436,242.099,7.466,3595.000,3597.000,13485.000,53.283,9.167,4.333,1.167,0.000,21971.600
2007-12-31,2216.542,145.536,241.095,6.455,0.000,3457.000,14071.000,53.283,9.167,4.333,1.167,0.000,19414.367
2008-01-01,2759.738,142.508,241.037,7.979,2461.000,2739.000,12355.000,55.360,10.400,3.200,2.000,0.200,28440.633
2008-01-02,1644.106,111.666,242.417,4.770,0.000,3094.000,8987.000,55.360,10.400,3.200,2.000,0.200,15320.767
2008-01-03,1510.108,121.182,243.077,4.402,1130.000,846.000,6671.000,55.360,10.400,3.200,2.000,0.200,16521.467
2008-01-04,2291.852,136.706,241.273,6.715,1241.000,5326.000,11752.000,55.360,10.400,3.200,2.000,0.200,19878.533
2008-01-05,2183.248,129.464,238.823,6.447,2113.000,286.000,14591.000,55.360,10.400,3.200,2.000,0.200,19397.467
2008-01-06,1825.184,116.958,239.407,5.390,1966.000,2445.000,7824.000,55.360,10.400,3.200,2.000,0.200,18184.733
2008-01-07,1695.814,116.172,240.744,4.915,1288.000,282.000,10294.000,55.360,10.400,3.200,2.000,0.200,16399.567
2008-01-08,2043.550,127.452,240.822,5.990,2197.000,3511.000,9793.000,55.360,10.400,3.200,2.000,0.200,18558.167
2008-01-09,1788.440,125.336,241.259,5.232,1162.000,284.000,8963.000,55.360,10.400,3.200,2.000,0.200,19398.333
2008-01-10,1894.076,120.504,240.807,5.595,1307.000,285.000,9992.000,55.360,10.400,3.200,2.000,0.200,19983.933
2008-01-11,1705.818,95.484,240.410,4.963,1261.000,290.000,7997.000,55.360,10.400,3.200,2.000,0.200,18882.300
2008-01-12,2871.408,162.724,239.960,8.524,5594.000,2621.000,11116.000,55.360,10.400,3.200,2.000,0.200,28525.800
2008-01-13,2881.656,144.278,239.751,8.449,6505.000,340.000,9362.000,55.360,10.400,3.200,2.000,0.200,31820.600
2008-01-14,2024.932,120.110,240.299,6.015,5918.000,339.000,9738.000,55.360,10.400,3.200,2.000,0.200,17753.867
2008-01-15,2686.912,113.144,240.709,7.891,782.000,6883.000,14512.000,55.360,10.400,3.200,2.000,0.200,22604.867
2008-01-16,2135.852,128.930,240.422,6.320,1162.000,3430.000,9391.000,55.360,10.400,3.200,2.000,0.200,21614.533
2008-01-17,1572.282,116.718,241.628,4.645,1007.000,350.000,8657.000,55.360,10.400,3.200,2.000,0.200,16190.700
2008-01-18,2186.988,119.290,239.933,6.432,1034.000,846.000,14983.000,55.360,10.400,3.200,2.000,0.200,19586.800
2008-01-19,1980.306,134.982,239.606,5.829,2521.000,6054.000,8015.000,55.360,10.400,3.200,2.000,0.200,16415.100
2008-01-20,1740.368,138.614,239.945,5.149,1775.000,380.000,4940.000,55.360,10.400,3.200,2.000,0.200,21911.133
2008-01-21,1858.998,122.400,239.565,5.519,0.000,376.000,10447.000,55.360,10.400,3.200,2.000,0.200,20160.300
2008-01-22,2325.018,143.462,240.095,6.929,4670.000,7640.000,7552.000,55.360,10.400,3.200,2.000,0.200,18888.300
2008-01-23,1882.308,107.984,240.907,5.520,1116.000,387.000,13359.000,55.360,10.400,3.200,2.000,0.200,16509.800
2008-01-24,1645.022,104.306,240.779,4.888,1107.000,320.000,5935.000,55.360,10.400,3.200,2.000,0.200,20055.033
2008-01-25,2239.856,119.626,240.705,6.544,0.000,2421.000,11409.000,55.360,10.400,3.200,2.000,0.200,23500.933
2008-01-26,2834.988,168.422,239.760,8.367,4925.000,311.000,15606.000,55.360,10.400,3.200,2.000,0.200,26407.800
2008-01-27,2381.766,140.758,241.304,6.985,3725.000,3818.000,7367.000,55.360,10.400,3.200,2.000,0.200,24786.100
2008-01-28,2308.196,107.836,240.467,6.770,1142.000,280.000,12792.000,55.360,10.400,3.200,2.000,0.200,24255.933
2008-01-29,2676.024,117.176,240.623,7.842,1487.000,6199.000,11077.000,55.360,10.400,3.200,2.000,0.200,25837.400
2008-01-30,1640.646,116.470,241.615,4.826,0.000,261.000,7261.000,55.360,10.400,3.200,2.000,0.200,19822.100
2008-01-31,1953.922,137.576,241.886,5.793,1165.000,267.000,9437.000,55.360,10.400,3.200,2.000,0.200,21696.367
2008-02-01,1534.652,179.250,240.360,4.518,336.000,280.000,7241.000,27.933,7.833,1.667,0.833,0.000,17720.533
2008-02-02,2936.034,230.968,240.291,8.649,6247.000,2764.000,15188.000,27.933,7.833,1.667,0.833,0.000,24734.900
2008-02-03,2084.568,153.708,240.341,6.136,2319.000,4435.000,8452.000,27.933,7.833,1.667,0.833,0.000,19536.800
2008-02-04,1628.138,104.034,240.255,4.777,1161.000,252.000,9531.000,27.933,7.833,1.667,0.833,0.000,16191.633
2008-02-05,2472.456,152.786,240.977,7.211,1098.000,7803.000,13717.000,27.933,7.833,1.667,0.833,0.000,18589.600
2008-02-06,1669.540,114.260,238.414,4.934,2114.000,356.000,8428.000,27.933,7.833,1.667,0.833,0.000,16927.667
2008-02-07,1518.310,108.706,241.071,4.439,0.000,295.000,8089.000,27.933,7.833,1.667,0.833,0.000,16921.167
2008-02-08,1950.564,119.094,240.433,5.747,940.000,1921.000,9563.000,27.933,7.833,1.667,0.833,0.000,20085.400
2008-02-09,2102.276,144.528,241.765,6.090,2050.000,2838.000,10293.000,27.933,7.833,1.667,0.833,0.000,19856.933
2008-02-10,2184.714,151.736,241.275,6.397,2562.000,2955.000,10128.000,27.933,7.833,1.667,0.833,0.000,20766.900
2008-02-11,1692.016,102.246,241.692,4.932,1018.000,297.000,8930.000,27.933,7.833,1.667,0.833,0.000,17955.267
2008-02-12,1987.798,130.946,239.509,5.847,2009.000,1856.000,12138.000,27.933,7.833,1.667,0.833,0.000,17126.967
2008-02-13,1900.498,128.478,241.203,5.580,2530.000,3615.000,7568.000,27.933,7.833,1.667,0.833,0.000,17961.967
2008-02-14,1604.622,113.646,240.765,4.684,1300.000,291.000,9299.000,27.933,7.833,1.667,0.833,0.000,15853.700
2008-02-15,2005.208,107.952,241.891,5.781,1109.000,1723.000,13417.000,27.933,7.833,1.667,0.833,0.000,17171.133
2008-02-16,2346.948,138.994,241.088,6.894,1076.000,2360.000,11599.000,27.933,7.833,1.667,0.833,0.000,24080.800
2008-02-17,1933.368,120.076,242.470,5.654,3182.000,2257.000,6049.000,27.933,7.833,1.667,0.833,0.000,20734.800
2008-02-18,1514.404,101.972,242.064,4.376,0.000,251.000,10345.000,27.933,7.833,1.667,0.833,0.000,14644.067
2008-02-19,2126.916,137.568,241.010,6.220,1881.000,4711.000,11200.000,27.933,7.833,1.667,0.833,0.000,17656.600
2008-02-20,2253.790,190.268,241.670,6.608,3655.000,5516.000,7704.000,27.933,7.833,1.667,0.833,0.000,20688.167
2008-02-21,1633.850,112.274,240.750,4.788,0.000,307.000,8523.000,27.933,7.833,1.667,0.833,0.000,18400.833
2008-02-22,1732.564,121.688,241.436,5.055,1167.000,1985.000,10101.000,27.933,7.833,1.667,0.833,0.000,15623.067
2008-02-23,1833.970,132.504,239.673,5.412,1684.000,2250.000,10040.000,27.933,7.833,1.667,0.833,0.000,16592.167
2008-02-24,1263.008,107.332,240.378,3.639,754.000,332.000,11447.000,27.933,7.833,1.667,0.833,0.000,8517.133
2008-02-25,504.488,91.720,239.776,1.456,0.000,321.000,1856.000,27.933,7.833,1.667,0.833,0.000,6231.133
2008-02-26,507.120,84.590,239.533,1.459,0.000,295.000,2013.000,27.933,7.833,1.667,0.833,0.000,6144.000
2008-02-27,566.720,86.168,239.554,1.634,0.000,326.000,2969.000,27.933,7.833,1.667,0.833,0.000,6150.333
2008-02-28,509.184,83.248,239.804,1.467,0.000,281.000,2028.000,27.933,7.833,1.667,0.833,0.000,6177.400
2008-02-29,1333.348,88.948,238.038,3.873,0.000,3773.000,8062.000,27.933,7.833,1.667,0.833,0.000,10387.467
2008-03-01,1141.876,105.158,239.432,3.278,0.000,1287.000,2724.000,84.383,18.333,6.833,1.333,0.000,15020.267
2008-03-02,1162.226,144.710,239.746,3.425,0.000,5244.000,2565.000,84.383,18.333,6.833,1.333,0.000,11561.433
2008-03-03,1040.550,114.334,240.352,2.978,0.000,2207.000,1755.000,84.383,18.333,6.833,1.333,0.000,13380.500
2008-03-04,1668.990,108.958,241.026,4.868,1249.000,2443.000,9415.000,84.383,18.333,6.833,1.333,0.000,14709.500
2008-03-05,2037.208,140.898,241.065,5.971,1145.000,9797.000,5529.000,84.383,18.333,6.833,1.333,0.000,17482.467
2008-03-06,2503.208,106.184,240.429,7.215,1082.000,372.000,6965.000,84.383,18.333,6.833,1.333,0.000,33301.133
2008-03-07,1862.956,129.392,240.816,5.442,1235.000,3471.000,9033.000,84.383,18.333,6.833,1.333,0.000,17310.267
2008-03-08,2248.660,237.080,241.591,6.588,6286.000,346.000,8435.000,84.383,18.333,6.833,1.333,0.000,22410.667
2008-03-09,1560.458,135.574,240.746,4.591,2607.000,333.000,4155.000,84.383,18.333,6.833,1.333,0.000,18912.633
2008-03-10,1618.686,127.124,241.727,4.712,2009.000,368.000,8660.000,84.383,18.333,6.833,1.333,0.000,15941.100
2008-03-11,2200.042,151.100,240.424,6.467,1271.000,3901.000,12936.000,84.383,18.333,6.833,1.333,0.000,18559.367
2008-03-12,1774.232,138.194,241.057,5.172,1120.000,2374.000,11042.000,84.383,18.333,6.833,1.333,0.000,15034.533
2008-03-13,1675.514,128.474,240.803,4.942,3263.000,3590.000,5464.000,84.383,18.333,6.833,1.333,0.000,15608.233
2008-03-14,2210.220,159.748,240.627,6.446,980.000,3881.000,14476.000,84.383,18.333,6.833,1.333,0.000,17500.000
2008-03-15,1576.300,154.412,240.198,4.651,2550.000,502.000,5910.000,84.383,18.333,6.833,1.333,0.000,17309.667
2008-03-16,1801.960,173.652,241.295,5.298,2394.000,566.000,11286.000,84.383,18.333,6.833,1.333,0.000,15786.667
2008-03-17,1706.918,175.274,240.805,5.007,236.000,6651.000,9346.000,84.383,18.333,6.833,1.333,0.000,12215.633
2008-03-18,1917.566,147.440,241.929,5.572,1156.000,4019.000,12544.000,84.383,18.333,6.833,1.333,0.000,14240.433
2008-03-19,1308.448,142.498,242.402,3.826,2110.000,411.000,6154.000,84.383,18.333,6.833,1.333,0.000,13132.467
2008-03-20,1253.274,120.854,241.763,3.660,1107.000,478.000,6670.000,84.383,18.333,6.833,1.333,0.000,12632.900
2008-03-21,2066.442,223.824,241.370,6.038,2171.000,4778.000,13275.000,84.383,18.333,6.833,1.333,0.000,14216.700
2008-03-22,2053.516,185.680,241.612,6.020,3322.000,588.000,12405.000,84.383,18.333,6.833,1.333,0.000,17910.267
2008-03-23,2325.990,152.446,242.653,6.791,6279.000,2112.000,13878.000,84.383,18.333,6.833,1.333,0.000,16497.500
2008-03-24,1974.668,131.050,242.707,5.758,1131.000,5988.000,7008.000,84.383,18.333,6.833,1.333,0.000,18784.133
2008-03-25,2015.856,127.832,242.138,5.871,2246.000,3677.000,13494.000,84.383,18.333,6.833,1.333,0.000,14180.600
2008-03-26,1633.472,133.598,242.810,4.763,2547.000,3831.000,7547.000,84.383,18.333,6.833,1.333,0.000,13299.533
2008-03-27,1370.822,116.440,242.096,3.961,0.000,356.000,9022.000,84.383,18.333,6.833,1.333,0.000,13469.033
2008-03-28,1885.424,137.640,242.323,5.479,2325.000,3605.000,11581.000,84.383,18.333,6.833,1.333,0.000,13912.733
2008-03-29,2471.150,175.068,241.254,7.209,5153.000,375.000,17240.000,84.383,18.333,6.833,1.333,0.000,18417.833
2008-03-30,2146.392,175.970,241.164,6.277,5045.000,1315.000,9769.000,84.383,18.333,6.833,1.333,0.000,19644.200
2008-03-31,1377.570,130.860,242.727,4.006,1091.000,411.000,9387.000,84.383,18.333,6.833,1.333,0.000,12070.500
2008-04-01,2129.052,170.396,241.616,6.202,1079.000,6657.000,14515.000,59.833,13.000,4.667,0.833,0.000,13233.200
2008-04-02,1691.672,142.540,238.667,5.008,1106.000,3674.000,7989.000,59.833,13.000,4.667,0.833,0.000,15425.533
2008-04-03,1128.756,121.236,240.694,3.281,0.000,422.000,6901.000,59.833,13.000,4.667,0.833,0.000,11489.600
2008-04-04,1631.918,125.306,241.331,4.726,2133.000,775.000,13246.000,59.833,13.000,4.667,0.833,0.000,11044.633
2008-04-05,1970.762,203.684,240.558,5.785,2929.000,874.000,13644.000,59.833,13.000,4.667,0.833,0.000,15399.033
2008-04-06,1696.318,150.572,241.150,4.946,1124.000,2615.000,7552.000,59.833,13.000,4.667,0.833,0.000,16980.967
2008-04-07,1538.838,141.280,243.228,4.484,2420.000,672.000,9466.000,59.833,13.000,4.667,0.833,0.000,13089.300
2008-04-08,2657.516,184.176,242.067,7.699,2752.000,10713.000,17519.000,59.833,13.000,4.667,0.833,0.000,13307.933
2008-04-09,1218.852,132.864,242.318,3.523,0.000,376.000,9003.000,59.833,13.000,4.667,0.833,0.000,10935.200
2008-04-10,1477.746,163.680,241.949,4.305,3261.000,457.000,6527.000,59.833,13.000,4.667,0.833,0.000,14384.100
2008-04-11,1877.664,143.890,240.758,5.453,1802.000,491.000,14522.000,59.833,13.000,4.667,0.833,0.000,14479.400
2008-04-12,2800.014,392.272,241.063,8.218,7076.000,2499.000,15225.000,59.833,13.000,4.667,0.833,0.000,21866.900
2008-04-13,2232.986,213.514,240.423,6.552,2554.000,5942.000,13007.000,59.833,13.000,4.667,0.833,0.000,15713.433
2008-04-14,1589.582,154.958,242.314,4.604,0.000,425.000,11197.000,59.833,13.000,4.667,0.833,0.000,14871.033
2008-04-15,1670.406,178.782,241.239,4.910,1174.000,3998.000,9874.000,59.833,13.000,4.667,0.833,0.000,12794.100
2008-04-16,1489.064,125.904,241.744,4.316,838.000,403.000,11322.000,59.833,13.000,4.667,0.833,0.000,12254.733
2008-04-17,1395.862,145.878,241.404,4.104,1719.000,417.000,8638.000,59.833,13.000,4.667,0.833,0.000,12490.367
2008-04-18,1862.390,184.646,240.642,5.458,2174.000,3832.000,10921.000,59.833,13.000,4.667,0.833,0.000,14112.833
2008-04-19,2253.710,245.284,241.143,6.636,4319.000,2457.000,14722.000,59.833,13.000,4.667,0.833,0.000,16063.833
2008-04-20,1791.418,227.854,241.433,5.261,1030.000,4544.000,10401.000,59.833,13.000,4.667,0.833,0.000,13881.967
2008-04-21,1164.156,175.400,241.992,3.404,0.000,2673.000,6788.000,59.833,13.000,4.667,0.833,0.000,9941.600
2008-04-22,1627.676,193.150,240.960,4.773,971.000,5093.000,10603.000,59.833,13.000,4.667,0.833,0.000,10460.933
2008-04-23,1357.328,189.502,241.511,3.968,1380.000,492.000,8406.000,59.833,13.000,4.667,0.833,0.000,12344.133
2008-04-24,1043.772,171.924,240.605,3.058,1263.000,522.000,5296.000,59.833,13.000,4.667,0.833,0.000,10315.200
2008-04-25,1267.734,162.224,241.007,3.700,824.000,2004.000,9400.000,59.833,13.000,4.667,0.833,0.000,8900.900
2008-04-26,903.166,168.696,240.793,2.634,0.000,634.000,3586.000,59.833,13.000,4.667,0.833,0.000,10832.767
2008-04-27,1008.240,198.118,240.907,2.964,693.000,588.000,5488.000,59.833,13.000,4.667,0.833,0.000,10035.000
2008-04-28,659.052,167.118,240.978,1.951,0.000,621.000,2786.000,59.833,13.000,4.667,0.833,0.000,7577.200
2008-04-29,1972.616,215.356,240.707,5.771,1402.000,5411.000,10481.000,59.833,13.000,4.667,0.833,0.000,15582.933
2008-04-30,1101.726,171.556,241.434,3.219,1057.000,590.000,6653.000,59.833,13.000,4.667,0.833,0.000,10062.100
2008-05-01,576.014,150.696,241.446,1.702,0.000,530.000,2586.000,69.950,8.500,4.500,1.667,0.000,6484.233
2008-05-02,1497.768,205.568,241.649,4.378,3114.000,584.000,8687.000,69.950,8.500,4.500,1.667,0.000,12577.800
2008-05-03,1289.600,202.004,240.834,3.801,996.000,541.000,6535.000,69.950,8.500,4.500,1.667,0.000,13421.333
2008-05-04,1470.970,209.422,241.380,4.362,2196.000,2872.000,5464.000,69.950,8.500,4.500,1.667,0.000,13984.167
2008-05-05,1366.932,185.750,240.737,3.998,1008.000,378.000,10197.000,69.950,8.500,4.500,1.667,0.000,11199.200
2008-05-06,1789.980,199.596,240.290,5.246,1354.000,5410.000,12200.000,69.950,8.500,4.500,1.667,0.000,10869.000
2008-05-07,1176.264,190.956,241.081,3.458,1030.000,423.000,6649.000,69.950,8.500,4.500,1.667,0.000,11502.400
2008-05-08,2116.698,253.244,239.851,6.178,3667.000,702.000,12717.000,69.950,8.500,4.500,1.667,0.000,18192.300
2008-05-09,1747.272,229.874,240.471,5.136,2229.000,423.000,11904.000,69.950,8.500,4.500,1.667,0.000,14565.200
2008-05-10,1909.128,289.814,240.086,5.636,6950.000,612.000,11714.000,69.950,8.500,4.500,1.667,0.000,12542.800
2008-05-11,1610.920,275.702,240.486,4.804,563.000,1340.000,6930.000,69.950,8.500,4.500,1.667,0.000,18015.667
2008-05-12,1524.204,229.140,241.042,4.519,2082.000,1085.000,11959.000,69.950,8.500,4.500,1.667,0.000,10277.400
2008-05-13,1476.894,236.468,240.374,4.392,823.000,4089.000,8370.000,69.950,8.500,4.500,1.667,0.000,11332.900
2008-05-14,1584.262,277.374,240.709,4.713,2467.000,3436.000,9716.000,69.950,8.500,4.500,1.667,0.000,10785.367
2008-05-15,1162.768,237.724,240.350,3.522,868.000,570.000,6820.000,69.950,8.500,4.500,1.667,0.000,11121.467
2008-05-16,1648.030,235.202,239.620,4.922,2228.000,2565.000,8955.000,69.950,8.500,4.500,1.667,0.000,13719.167
2008-05-17,1657.454,275.896,239.473,4.952,2158.000,935.000,12472.000,69.950,8.500,4.500,1.667,0.000,12059.233
2008-05-18,1803.958,254.492,239.683,5.409,1775.000,5355.000,8626.000,69.950,8.500,4.500,1.667,0.000,14309.967
2008-05-19,1030.262,175.736,240.432,3.069,1014.000,558.000,7503.000,69.950,8.500,4.500,1.667,0.000,8096.033
2008-05-20,1581.334,184.082,241.020,4.682,1352.000,2431.000,11977.000,69.950,8.500,4.500,1.667,0.000,10595.567
2008-05-21,1324.112,190.326,240.761,3.917,1989.000,474.000,9251.000,69.950,8.500,4.500,1.667,0.000,10354.533
2008-05-22,976.868,169.816,239.500,2.956,996.000,440.000,6475.000,69.950,8.500,4.500,1.667,0.000,8370.133
2008-05-23,1484.916,178.958,239.499,4.359,0.000,1390.000,14734.000,69.950,8.500,4.500,1.667,0.000,8624.600
2008-05-24,1580.176,285.550,240.725,4.669,1027.000,569.000,12833.000,69.950,8.500,4.500,1.667,0.000,11907.267
2008-05-25,2048.504,290.416,239.946,6.137,4307.000,8811.000,6016.000,69.950,8.500,4.500,1.667,0.000,15007.733
2008-05-26,1289.710,220.698,240.364,3.930,985.000,666.000,9284.000,69.950,8.500,4.500,1.667,0.000,10560.167
2008-05-27,1708.700,207.466,239.391,5.107,0.000,5352.000,11478.000,69.950,8.500,4.500,1.667,0.000,11648.333
2008-05-28,1114.372,235.644,241.323,3.351,3138.000,512.000,6709.000,69.950,8.500,4.500,1.667,0.000,8213.867
2008-05-29,1135.076,186.832,237.675,3.476,1004.000,507.000,8703.000,69.950,8.500,4.500,1.667,0.000,8703.933
2008-05-30,1397.244,182.218,240.554,4.203,0.000,3019.000,11298.000,69.950,8.500,4.500,1.667,0.000,8970.400
2008-05-31,1641.470,249.924,240.654,4.923,1764.000,2328.000,11858.000,69.950,8.500,4.500,1.667,0.000,11407.833
2008-06-01,1848.876,225.340,240.623,5.423,1906.000,545.000,11307.000,17.167,5.167,0.667,0.000,0.000,17056.600
2008-06-02,1074.012,165.158,236.370,3.218,960.000,558.000,6341.000,17.167,5.167,0.667,0.000,0.000,10041.200
2008-06-03,1597.816,173.938,234.152,4.844,2897.000,2608.000,9265.000,17.167,5.167,0.667,0.000,0.000,11860.267
2008-06-04,1588.912,152.404,234.706,4.828,1550.000,7682.000,6508.000,17.167,5.167,0.667,0.000,0.000,10741.867
2008-06-05,1120.078,153.106,235.164,3.398,1747.000,506.000,8781.000,17.167,5.167,0.667,0.000,0.000,7633.967
2008-06-06,1217.714,174.520,239.717,3.672,1009.000,506.000,7871.000,17.167,5.167,0.667,0.000,0.000,10909.233
2008-06-07,1882.484,186.414,238.984,5.532,2379.000,2611.000,14593.000,17.167,5.167,0.667,0.000,0.000,11791.733
2008-06-08,1542.322,188.384,239.965,4.596,2536.000,3161.000,9732.000,17.167,5.167,0.667,0.000,0.000,10276.367
2008-06-09,1325.698,183.640,239.435,4.040,1967.000,2085.000,7921.000,17.167,5.167,0.667,0.000,0.000,10121.967
2008-06-10,1067.090,216.018,239.978,3.205,907.000,585.000,8992.000,17.167,5.167,0.667,0.000,0.000,7300.833
2008-06-11,1123.206,214.372,240.154,3.388,977.000,842.000,7566.000,17.167,5.167,0.667,0.000,0.000,9335.100
2008-06-12,1259.332,189.292,239.690,3.799,1951.000,567.000,7246.000,17.167,5.167,0.667,0.000,0.000,11224.867
2008-06-13,1874.280,281.816,238.888,5.606,2809.000,7358.000,10531.000,17.167,5.167,0.667,0.000,0.000,10540.000
2008-06-14,1384.920,344.280,240.014,4.208,1862.000,1011.000,10681.000,17.167,5.167,0.667,0.000,0.000,9528.000
2008-06-15,2289.102,281.006,239.454,6.774,6471.000,6802.000,11589.000,17.167,5.167,0.667,0.000,0.000,13289.700
2008-06-16,1303.044,204.382,240.433,3.905,1980.000,464.000,10012.000,17.167,5.167,0.667,0.000,0.000,9261.400
2008-06-17,1145.084,175.464,240.354,3.435,1080.000,432.000,10094.000,17.167,5.167,0.667,0.000,0.000,7478.733
2008-06-18,1893.608,272.724,239.740,5.711,7549.000,3040.000,12687.000,17.167,5.167,0.667,0.000,0.000,8284.133
2008-06-19,1588.082,189.418,239.273,4.738,3411.000,1514.000,10911.000,17.167,5.167,0.667,0.000,0.000,10632.033
2008-06-20,1676.104,227.420,239.939,5.008,2948.000,2935.000,12417.000,17.167,5.167,0.667,0.000,0.000,9635.067
2008-06-21,1734.254,239.028,239.463,5.134,940.000,5823.000,12828.000,17.167,5.167,0.667,0.000,0.000,9313.233
2008-06-22,1566.416,294.144,239.044,4.674,4705.000,1175.000,10652.000,17.167,5.167,0.667,0.000,0.000,9574.933
2008-06-23,1251.796,210.956,238.938,3.792,2600.000,581.000,10124.000,17.167,5.167,0.667,0.000,0.000,7558.267
2008-06-24,1754.452,253.022,237.915,5.262,2779.000,3489.000,14271.000,17.167,5.167,0.667,0.000,0.000,8701.867
2008-06-25,1261.770,290.626,238.895,3.911,2773.000,569.000,9402.000,17.167,5.167,0.667,0.000,0.000,8285.500
2008-06-26,1056.020,217.414,239.351,3.211,921.000,572.000,8971.000,17.167,5.167,0.667,0.000,0.000,7136.333
2008-06-27,1755.152,262.008,238.935,5.237,4159.000,2372.000,10163.000,17.167,5.167,0.667,0.000,0.000,12558.533
2008-06-28,1208.800,210.954,239.142,3.686,0.000,2000.000,7932.000,17.167,5.167,0.667,0.000,0.000,10214.667
2008-06-29,749.352,183.664,240.161,2.331,955.000,535.000,3896.000,17.167,5.167,0.667,0.000,0.000,7103.200
2008-06-30,804.196,189.526,240.376,2.479,0.000,521.000,6819.000,17.167,5.167,0.667,0.000,0.000,6063.267
2008-07-01,1215.240,277.788,239.540,3.740,3465.000,587.000,8390.000,38.017,5.500,2.333,0.833,0.000,7812.000
2008-07-02,1147.202,266.538,238.962,3.570,962.000,650.000,7002.000,38.017,5.500,2.333,0.833,0.000,10506.033
2008-07-03,1098.360,213.748,239.635,3.343,958.000,2569.000,7410.000,38.017,5.500,2.333,0.833,0.000,7369.000
2008-07-04,942.020,188.132,240.180,2.828,0.000,589.000,8302.000,38.017,5.500,2.333,0.833,0.000,6809.333
2008-07-05,1469.088,224.780,239.565,4.387,1875.000,6754.000,8365.000,38.017,5.500,2.333,0.833,0.000,7490.800
2008-07-06,1805.064,253.582,240.590,5.359,4258.000,5230.000,7536.000,38.017,5.500,2.333,0.833,0.000,13060.400
2008-07-07,983.390,202.810,239.634,2.969,2171.000,592.000,7149.000,38.017,5.500,2.333,0.833,0.000,6477.833
2008-07-08,1126.214,196.318,239.701,3.371,991.000,503.000,7592.000,38.017,5.500,2.333,0.833,0.000,9684.233
2008-07-09,919.318,191.724,240.330,2.775,951.000,499.000,7352.000,38.017,5.500,2.333,0.833,0.000,6519.967
2008-07-10,1251.276,240.242,239.868,3.743,982.000,552.000,8186.000,38.017,5.500,2.333,0.833,0.000,11134.600
2008-07-11,1254.216,251.036,239.517,3.782,724.000,558.000,9251.000,38.017,5.500,2.333,0.833,0.000,10370.600
2008-07-12,1328.852,266.124,240.059,4.050,4436.000,2617.000,7231.000,38.017,5.500,2.333,0.833,0.000,7863.533
2008-07-13,1253.754,166.908,240.291,3.769,1671.000,3164.000,7056.000,38.017,5.500,2.333,0.833,0.000,9004.900
2008-07-14,1137.926,209.668,240.494,3.432,2564.000,1995.000,6436.000,38.017,5.500,2.333,0.833,0.000,7970.433
2008-07-15,1155.860,190.936,239.781,3.436,968.000,552.000,8585.000,38.017,5.500,2.333,0.833,0.000,9159.333
2008-07-16,1077.062,206.462,240.593,3.237,1537.000,2799.000,4978.000,38.017,5.500,2.333,0.833,0.000,8637.033
2008-07-17,1319.122,239.506,239.917,4.027,1122.000,723.000,8280.000,38.017,5.500,2.333,0.833,0.000,11860.367
2008-07-18,1261.584,195.606,239.577,3.737,1143.000,552.000,9260.000,38.017,5.500,2.333,0.833,0.000,10071.400
2008-07-19,1344.014,208.030,239.151,4.020,2941.000,3146.000,7676.000,38.017,5.500,2.333,0.833,0.000,8637.233
2008-07-20,941.534,172.576,239.778,2.836,1943.000,1076.000,5457.000,38.017,5.500,2.333,0.833,0.000,7216.233
2008-07-21,1156.478,172.450,239.102,3.482,1698.000,431.000,9189.000,38.017,5.500,2.333,0.833,0.000,7956.633
2008-07-22,740.242,161.128,239.670,2.273,0.000,430.000,4886.000,38.017,5.500,2.333,0.833,0.000,7021.367
2008-07-23,942.630,162.392,240.096,2.849,1233.000,454.000,6325.000,38.017,5.500,2.333,0.833,0.000,7698.500
2008-07-24,1093.450,185.882,239.884,3.222,837.000,476.000,8344.000,38.017,5.500,2.333,0.833,0.000,8567.167
2008-07-25,865.534,182.714,239.057,2.618,1168.000,492.000,6731.000,38.017,5.500,2.333,0.833,0.000,6034.567
2008-07-26,815.684,213.318,240.029,2.494,0.000,948.000,6243.000,38.017,5.500,2.333,0.833,0.000,6403.733
2008-07-27,1147.396,233.138,238.471,3.513,1063.000,858.000,8385.000,38.017,5.500,2.333,0.833,0.000,8817.267
2008-07-28,825.804,198.514,239.994,2.574,0.000,509.000,5963.000,38.017,5.500,2.333,0.833,0.000,7291.400
2008-07-29,1166.558,208.384,240.249,3.641,1571.000,530.000,5802.000,38.017,5.500,2.333,0.833,0.000,11539.633
2008-07-30,1299.908,227.536,239.086,4.065,2548.000,773.000,6278.000,38.017,5.500,2.333,0.833,0.000,12066.133
2008-07-31,1392.638,243.476,240.096,4.232,1533.000,2808.000,7588.000,38.017,5.500,2.333,0.833,0.000,11281.633
2008-08-01,739.576,252.704,239.805,2.328,586.000,1150.000,5091.000,64.280,6.400,3.000,1.800,0.000,5499.267
2008-08-02,505.776,178.294,239.129,1.588,0.000,504.000,3803.000,64.280,6.400,3.000,1.800,0.000,4122.600
2008-08-03,504.782,166.052,237.054,1.577,0.000,499.000,3926.000,64.280,6.400,3.000,1.800,0.000,3988.033
2008-08-04,1125.920,193.620,237.863,3.417,596.000,4677.000,4410.000,64.280,6.400,3.000,1.800,0.000,9082.333
2008-08-05,827.118,180.248,238.736,2.506,635.000,509.000,7118.000,64.280,6.400,3.000,1.800,0.000,5523.300
2008-08-06,326.112,214.504,240.566,1.090,0.000,513.000,2215.000,64.280,6.400,3.000,1.800,0.000,2707.200
2008-08-07,334.884,214.940,239.312,1.121,0.000,526.000,2357.000,64.280,6.400,3.000,1.800,0.000,2698.400
2008-08-08,302.200,196.448,239.457,1.006,0.000,481.000,1980.000,64.280,6.400,3.000,1.800,0.000,2575.667
2008-08-09,358.924,199.990,240.710,1.160,0.000,489.000,1902.000,64.280,6.400,3.000,1.800,0.000,3591.067
2008-08-10,352.032,189.106,240.265,1.122,0.000,464.000,1905.000,64.280,6.400,3.000,1.800,0.000,3498.200
2008-08-11,371.916,187.620,240.718,1.171,0.000,489.000,1880.000,64.280,6.400,3.000,1.800,0.000,3829.600
2008-08-12,288.984,187.042,240.048,0.953,0.000,462.000,1844.000,64.280,6.400,3.000,1.800,0.000,2510.400
2008-08-13,282.584,183.836,240.872,0.932,0.000,451.000,1789.000,64.280,6.400,3.000,1.800,0.000,2469.733
2008-08-14,270.258,177.966,241.141,0.885,0.000,441.000,1641.000,64.280,6.400,3.000,1.800,0.000,2422.300
2008-08-15,273.654,178.178,241.158,0.896,0.000,439.000,1691.000,64.280,6.400,3.000,1.800,0.000,2430.900
2008-08-16,274.814,181.678,242.095,0.899,0.000,442.000,1688.000,64.280,6.400,3.000,1.800,0.000,2450.233
2008-08-17,274.796,179.516,241.183,0.898,0.000,445.000,1710.000,64.280,6.400,3.000,1.800,0.000,2424.933
2008-08-18,273.758,178.098,241.356,0.894,0.000,440.000,1719.000,64.280,6.400,3.000,1.800,0.000,2403.633
2008-08-19,274.692,180.622,240.895,0.903,0.000,442.000,1697.000,64.280,6.400,3.000,1.800,0.000,2439.200
2008-08-20,268.472,178.064,241.544,0.883,0.000,437.000,1626.000,64.280,6.400,3.000,1.800,0.000,2411.533
2008-08-21,261.298,168.972,240.296,0.850,0.000,432.000,1577.000,64.280,6.400,3.000,1.800,0.000,2345.967
2008-08-22,267.124,174.654,240.882,0.872,0.000,438.000,1614.000,64.280,6.400,3.000,1.800,0.000,2400.067
2008-08-23,254.642,169.422,242.143,0.831,0.000,419.000,1485.000,64.280,6.400,3.000,1.800,0.000,2340.033
2008-08-24,254.716,163.910,241.613,0.826,0.000,404.000,1523.000,64.280,6.400,3.000,1.800,0.000,2318.267
2008-08-25,250.298,163.870,241.474,0.808,0.000,422.000,1436.000,64.280,6.400,3.000,1.800,0.000,2313.633
2008-08-26,257.564,166.566,241.120,0.837,0.000,420.000,1533.000,64.280,6.400,3.000,1.800,0.000,2339.733
2008-08-27,258.114,165.872,240.576,0.833,0.000,399.000,1539.000,64.280,6.400,3.000,1.800,0.000,2363.900
2008-08-28,268.246,174.098,240.543,0.875,0.000,432.000,1631.000,64.280,6.400,3.000,1.800,0.000,2407.767
2008-08-29,267.588,171.186,240.335,0.875,0.000,430.000,1599.000,64.280,6.400,3.000,1.800,0.000,2430.800
2008-08-30,270.424,177.552,240.514,0.886,0.000,435.000,1619.000,64.280,6.400,3.000,1.800,0.000,2453.067
2008-08-31,1500.614,210.418,240.018,4.450,2056.000,3733.000,12117.000,64.280,6.400,3.000,1.800,0.000,7104.233
2008-09-01,1247.510,184.486,239.916,3.733,950.000,521.000,10183.000,22.700,6.200,1.000,0.600,0.000,9137.833
2008-09-02,1384.154,224.634,239.329,4.142,4273.000,1206.000,6648.000,22.700,6.200,1.000,0.600,0.000,10942.233
2008-09-03,1388.486,179.288,240.029,4.119,1326.000,1902.000,10213.000,22.700,6.200,1.000,0.600,0.000,9700.433
2008-09-04,1225.220,151.872,238.663,3.655,2225.000,404.000,9408.000,22.700,6.200,1.000,0.600,0.000,8383.333
2008-09-05,873.960,147.236,239.591,2.606,379.000,431.000,6943.000,22.700,6.200,1.000,0.600,0.000,6813.000
2008-09-06,1868.574,238.292,239.340,5.524,2948.000,6500.000,13400.000,22.700,6.200,1.000,0.600,0.000,8294.900
2008-09-07,1372.656,176.444,240.589,4.081,3612.000,1707.000,5976.000,22.700,6.200,1.000,0.600,0.000,11582.600
2008-09-08,1309.324,160.574,241.382,3.853,747.000,2293.000,9559.000,22.700,6.200,1.000,0.600,0.000,9223.067
2008-09-09,1159.654,180.670,239.782,3.464,236.000,453.000,7728.000,22.700,6.200,1.000,0.600,0.000,10910.567
2008-09-10,1300.764,166.430,239.481,3.857,1009.000,399.000,10281.000,22.700,6.200,1.000,0.600,0.000,9990.400
2008-09-11,1028.714,192.038,239.100,3.080,1005.000,417.000,7644.000,22.700,6.200,1.000,0.600,0.000,8079.233
2008-09-12,1392.762,178.298,239.968,4.145,1867.000,402.000,8738.000,22.700,6.200,1.000,0.600,0.000,12205.700
2008-09-13,1631.436,186.192,240.125,4.820,930.000,5433.000,11807.000,22.700,6.200,1.000,0.600,0.000,9020.600
2008-09-14,1576.326,193.746,239.889,4.735,4673.000,445.000,6538.000,22.700,6.200,1.000,0.600,0.000,14616.100
2008-09-15,1697.708,136.118,240.256,5.072,960.000,364.000,10322.000,22.700,6.200,1.000,0.600,0.000,16649.133
2008-09-16,1221.862,156.060,240.949,3.619,0.000,368.000,8249.000,22.700,6.200,1.000,0.600,0.000,11747.367
2008-09-17,1519.210,177.168,240.657,4.490,1910.000,3727.000,9371.000,22.700,6.200,1.000,0.600,0.000,10312.167
2008-09-18,1505.290,189.376,240.327,4.447,4202.000,357.000,7991.000,22.700,6.200,1.000,0.600,0.000,12538.167
2008-09-19,1518.846,166.768,240.357,4.479,1569.000,351.000,12367.000,22.700,6.200,1.000,0.600,0.000,11027.100
2008-09-20,1304.600,156.204,240.594,3.806,0.000,370.000,12477.000,22.700,6.200,1.000,0.600,0.000,8896.333
2008-09-21,1533.070,206.262,240.940,4.560,4010.000,2381.000,8347.000,22.700,6.200,1.000,0.600,0.000,10813.167
2008-09-22,1358.564,151.524,240.209,4.013,1014.000,2448.000,10227.000,22.700,6.200,1.000,0.600,0.000,8953.733
2008-09-23,1232.788,165.128,240.183,3.684,0.000,2168.000,7920.000,22.700,6.200,1.000,0.600,0.000,10458.467
2008-09-24,1718.350,173.472,240.126,5.032,2019.000,4730.000,10548.000,22.700,6.200,1.000,0.600,0.000,11342.167
2008-09-25,1131.220,173.770,240.290,3.344,1012.000,751.000,8485.000,22.700,6.200,1.000,0.600,0.000,8605.667
2008-09-26,1431.450,211.572,240.394,4.240,1221.000,370.000,10890.000,22.700,6.200,1.000,0.600,0.000,11376.500
2008-09-27,2127.446,257.040,240.146,6.259,4347.000,2584.000,12688.000,22.700,6.200,1.000,0.600,0.000,15838.433
2008-09-28,1731.104,163.968,240.278,5.080,1920.000,385.000,11242.000,22.700,6.200,1.000,0.600,0.000,15304.733
2008-09-29,1501.738,199.432,240.264,4.409,1014.000,363.000,10677.000,22.700,6.200,1.000,0.600,0.000,12974.967
2008-09-30,1375.006,155.092,240.584,4.025,998.000,360.000,7415.000,22.700,6.200,1.000,0.600,0.000,14143.767
2008-10-01,1872.364,181.256,241.129,5.482,2249.000,5800.000,10808.000,65.820,11.600,4.600,2.200,0.000,12349.067
2008-10-02,1345.342,153.676,240.328,3.949,0.000,367.000,9060.000,65.820,11.600,4.600,2.200,0.000,12995.367
2008-10-03,1612.580,158.598,239.842,4.746,4801.000,349.000,9432.000,65.820,11.600,4.600,2.200,0.000,12294.333
2008-10-04,2100.496,216.200,240.174,6.145,3462.000,629.000,12573.000,65.820,11.600,4.600,2.200,0.000,18344.267
2008-10-05,1549.950,146.296,240.138,4.534,990.000,3257.000,6071.000,65.820,11.600,4.600,2.200,0.000,15514.500
2008-10-06,1423.782,125.204,239.119,4.216,990.000,286.000,9562.000,65.820,11.600,4.600,2.200,0.000,12891.700
2008-10-07,1726.568,187.234,238.853,5.166,1016.000,419.000,9476.000,65.820,11.600,4.600,2.200,0.000,17865.133
2008-10-08,1860.576,152.410,240.049,5.431,1044.000,5126.000,11650.000,65.820,11.600,4.600,2.200,0.000,13189.600
2008-10-09,1983.682,181.900,239.275,5.812,1032.000,3064.000,11652.000,65.820,11.600,4.600,2.200,0.000,17313.367
2008-10-10,1518.338,148.044,239.635,4.437,0.000,389.000,12046.000,65.820,11.600,4.600,2.200,0.000,12870.633
2008-10-11,1669.386,154.848,239.183,4.906,2144.000,2335.000,11373.000,65.820,11.600,4.600,2.200,0.000,11971.100
2008-10-12,1907.940,161.806,240.152,5.615,2561.000,5822.000,7171.000,65.820,11.600,4.600,2.200,0.000,16245.000
2008-10-13,1461.976,147.894,240.809,4.254,1037.000,535.000,9483.000,65.820,11.600,4.600,2.200,0.000,13311.267
2008-10-14,1609.056,164.286,239.216,4.730,1177.000,442.000,9939.000,65.820,11.600,4.600,2.200,0.000,15259.600
2008-10-15,2156.896,168.462,239.507,6.328,1998.000,7042.000,9984.000,65.820,11.600,4.600,2.200,0.000,16924.267
2008-10-16,1583.680,136.840,239.263,4.661,951.000,429.000,8438.000,65.820,11.600,4.600,2.200,0.000,16576.667
2008-10-17,1866.886,153.522,240.048,5.476,2036.000,3187.000,9639.000,65.820,11.600,4.600,2.200,0.000,16252.767
2008-10-18,2239.190,162.628,239.835,6.547,799.000,1655.000,12146.000,65.820,11.600,4.600,2.200,0.000,22719.833
2008-10-19,1971.934,181.596,240.043,5.805,698.000,8010.000,4600.000,65.820,11.600,4.600,2.200,0.000,19557.567
2008-10-20,1667.554,137.812,240.432,4.860,844.000,2648.000,10475.000,65.820,11.600,4.600,2.200,0.000,13825.567
2008-10-21,2063.716,152.344,239.731,6.081,857.000,2663.000,11331.000,65.820,11.600,4.600,2.200,0.000,19544.267
2008-10-22,1646.010,149.344,240.816,4.837,662.000,2542.000,8487.000,65.820,11.600,4.600,2.200,0.000,15742.500
2008-10-23,1830.494,161.208,240.399,5.375,815.000,1435.000,10587.000,65.820,11.600,4.600,2.200,0.000,17671.233
2008-10-24,2133.226,168.014,240.414,6.267,7893.000,2277.000,10284.000,65.820,11.600,4.600,2.200,0.000,15099.767
2008-10-25,1523.156,111.238,240.960,4.555,737.000,394.000,13433.000,65.820,11.600,4.600,2.200,0.000,10821.933
2008-10-26,523.492,115.530,242.123,1.499,0.000,360.000,2013.000,65.820,11.600,4.600,2.200,0.000,6351.867
2008-10-27,523.892,128.978,242.228,1.509,0.000,402.000,1967.000,65.820,11.600,4.600,2.200,0.000,6362.533
2008-10-28,1327.290,145.076,241.327,3.853,2263.000,362.000,5090.000,65.820,11.600,4.600,2.200,0.000,14406.500
2008-10-29,1612.576,133.282,241.790,4.604,1037.000,345.000,4015.000,65.820,11.600,4.600,2.200,0.000,21479.267
2008-10-30,1098.600,123.028,242.083,3.273,0.000,345.000,2619.000,65.820,11.600,4.600,2.200,0.000,15346.000
2008-10-31,1285.832,104.348,241.330,3.766,0.000,312.000,10483.000,65.820,11.600,4.600,2.200,0.000,10635.533
2008-11-01,830.498,113.672,241.810,2.626,0.000,344.000,1939.000,55.780,14.200,4.200,0.200,0.400,11558.633
2008-11-02,910.614,120.472,242.156,2.864,0.000,346.000,2824.000,55.780,14.200,4.200,0.200,0.400,12006.900
2008-11-03,847.600,115.248,241.765,2.665,963.000,347.000,1892.000,55.780,14.200,4.200,0.200,0.400,10924.667
2008-11-04,1562.316,121.476,240.802,4.652,0.000,6214.000,4106.000,55.780,14.200,4.200,0.200,0.400,15718.600
2008-11-05,3134.930,257.820,239.481,9.239,7597.000,10409.000,8362.000,55.780,14.200,4.200,0.200,0.400,25880.833
2008-11-06,1588.438,181.468,240.390,4.727,1033.000,430.000,6734.000,55.780,14.200,4.200,0.200,0.400,18276.967
2008-11-07,1619.184,109.988,239.752,4.755,1032.000,389.000,10421.000,55.780,14.200,4.200,0.200,0.400,15144.400
2008-11-08,1733.138,133.168,239.308,5.105,1114.000,3271.000,6069.000,55.780,14.200,4.200,0.200,0.400,18431.633
2008-11-09,2578.538,210.946,238.454,7.621,6301.000,661.000,14348.000,55.780,14.200,4.200,0.200,0.400,21665.633
2008-11-10,2091.880,155.490,239.652,6.178,1023.000,355.000,10285.000,55.780,14.200,4.200,0.200,0.400,23201.667
2008-11-11,2455.950,128.080,239.879,7.183,2475.000,2288.000,14651.000,55.780,14.200,4.200,0.200,0.400,21518.500
2008-11-12,2186.494,158.816,240.387,6.349,1066.000,2712.000,9430.000,55.780,14.200,4.200,0.200,0.400,23233.567
2008-11-13,1238.460,125.424,241.598,3.627,0.000,338.000,6315.000,55.780,14.200,4.200,0.200,0.400,13988.000
2008-11-14,1621.738,127.894,241.022,4.756,2092.000,325.000,9929.000,55.780,14.200,4.200,0.200,0.400,14682.967
2008-11-15,3031.628,165.160,238.634,8.963,3952.000,3799.000,15635.000,55.780,14.200,4.200,0.200,0.400,27141.133
2008-11-16,2365.432,163.130,240.494,6.919,4791.000,1829.000,8945.000,55.780,14.200,4.200,0.200,0.400,23858.867
2008-11-17,1523.636,118.874,241.135,4.412,0.000,378.000,10590.000,55.780,14.200,4.200,0.200,0.400,14425.933
2008-11-18,1749.050,139.282,239.902,5.142,1079.000,369.000,11204.000,55.780,14.200,4.200,0.200,0.400,16498.833
2008-11-19,1840.238,166.452,240.540,5.413,1737.000,3026.000,8704.000,55.780,14.200,4.200,0.200,0.400,17203.633
2008-11-20,1692.336,121.192,239.818,4.984,1034.000,347.000,7732.000,55.780,14.200,4.200,0.200,0.400,19092.600
2008-11-21,1673.930,127.554,239.928,4.947,1039.000,348.000,10396.000,55.780,14.200,4.200,0.200,0.400,16115.833
2008-11-22,1711.368,124.868,239.732,5.050,1093.000,882.000,8320.000,55.780,14.200,4.200,0.200,0.400,18227.800
2008-11-23,3405.324,206.944,239.149,10.051,3631.000,8823.000,10272.000,55.780,14.200,4.200,0.200,0.400,34029.400
2008-11-24,3212.998,121.618,240.359,9.285,1063.000,510.000,13378.000,55.780,14.200,4.200,0.200,0.400,38598.967
2008-11-25,2702.850,150.564,240.931,7.824,3010.000,345.000,10471.000,55.780,14.200,4.200,0.200,0.400,31221.500
2008-11-26,1515.954,119.996,242.401,4.356,909.000,304.000,10002.000,55.780,14.200,4.200,0.200,0.400,14050.900
2008-11-27,2362.218,126.218,241.440,6.841,2491.000,330.000,12440.000,55.780,14.200,4.200,0.200,0.400,24109.300
2008-11-28,1885.964,128.426,243.067,5.410,1113.000,295.000,11361.000,55.780,14.200,4.200,0.200,0.400,18663.733
2008-11-29,2434.668,166.510,241.241,7.054,5268.000,2392.000,12386.000,55.780,14.200,4.200,0.200,0.400,20531.800
2008-11-30,2401.388,170.904,242.375,6.956,1161.000,3481.000,11474.000,55.780,14.200,4.200,0.200,0.400,23907.133
2008-12-01,1616.538,118.678,243.446,4.758,1085.000,309.000,9013.000,33.240,9.000,1.600,0.000,0.200,16535.300
2008-12-02,1793.444,145.908,243.379,5.215,0.000,304.000,11343.000,33.240,9.000,1.600,0.000,0.200,18243.733
2008-12-03,1755.164,124.722,243.384,5.070,1137.000,302.000,9664.000,33.240,9.000,1.600,0.000,0.200,18149.733
2008-12-04,1738.638,113.990,243.463,5.024,1085.000,281.000,11314.000,33.240,9.000,1.600,0.000,0.200,16297.300
2008-12-05,2058.618,120.026,242.976,5.968,831.000,310.000,9852.000,33.240,9.000,1.600,0.000,0.200,23317.300
2008-12-06,2523.836,188.144,241.137,7.358,4005.000,5749.000,9048.000,33.240,9.000,1.600,0.000,0.200,23261.933
2008-12-07,2466.740,180.224,242.239,7.157,3294.000,310.000,13627.000,33.240,9.000,1.600,0.000,0.200,23881.333
2008-12-08,1868.636,120.782,243.732,5.383,1117.000,296.000,13256.000,33.240,9.000,1.600,0.000,0.200,16474.933
2008-12-09,2003.144,132.516,243.556,5.758,1985.000,2553.000,12886.000,33.240,9.000,1.600,0.000,0.200,15961.733
2008-12-10,2111.020,137.006,243.501,6.369,1128.000,4144.000,10889.000,33.240,9.000,1.600,0.000,0.200,19022.667
2008-12-11,1432.522,114.916,243.418,4.122,1160.000,273.000,7979.000,33.240,9.000,1.600,0.000,0.200,14463.367
2008-12-12,1815.534,139.342,243.043,5.222,1157.000,255.000,12154.000,33.240,9.000,1.600,0.000,0.200,16692.900
2008-12-13,1825.574,163.278,241.539,5.322,2186.000,261.000,9271.000,33.240,9.000,1.600,0.000,0.200,18708.233
2008-12-14,2002.120,164.014,241.623,5.882,3742.000,2497.000,5415.000,33.240,9.000,1.600,0.000,0.200,21714.667
2008-12-15,1795.450,113.744,243.039,5.191,1178.000,252.000,9668.000,33.240,9.000,1.600,0.000,0.200,18826.167
2008-12-16,1797.090,114.598,243.880,5.193,0.000,253.000,11334.000,33.240,9.000,1.600,0.000,0.200,18364.500
2008-12-17,2098.786,136.216,243.314,6.080,4251.000,284.000,10813.000,33.240,9.000,1.600,0.000,0.200,19631.767
2008-12-18,1736.940,118.070,242.859,4.989,1125.000,258.000,11293.000,33.240,9.000,1.600,0.000,0.200,16273.000
2008-12-19,1882.112,132.154,241.866,5.480,1538.000,296.000,11773.000,33.240,9.000,1.600,0.000,0.200,17761.533
2008-12-20,2242.502,160.690,242.566,6.500,1132.000,6479.000,12819.000,33.240,9.000,1.600,0.000,0.200,16945.033
2008-12-21,2643.610,135.072,241.720,7.663,1099.000,9189.000,14816.000,33.240,9.000,1.600,0.000,0.200,18956.167
2008-12-22,2015.808,124.870,241.864,5.857,2157.000,391.000,10433.000,33.240,9.000,1.600,0.000,0.200,20615.800
2008-12-23,1798.088,151.080,241.771,5.251,2666.000,2115.000,8326.000,33.240,9.000,1.600,0.000,0.200,16861.133
2008-12-24,1269.638,115.318,243.961,3.634,0.000,364.000,9981.000,33.240,9.000,1.600,0.000,0.200,10815.633
2008-12-25,1061.118,116.882,243.233,3.039,0.000,285.000,3598.000,33.240,9.000,1.600,0.000,0.200,13802.300
2008-12-26,1223.732,124.222,244.354,3.501,1121.000,279.000,7796.000,33.240,9.000,1.600,0.000,0.200,11199.533
2008-12-27,2972.164,118.132,243.312,8.432,0.000,244.000,12209.000,33.240,9.000,1.600,0.000,0.200,37083.067
2008-12-28,1570.642,112.248,244.560,4.420,1953.000,217.000,5291.000,33.240,9.000,1.600,0.000,0.200,18716.367
2008-12-29,555.278,91.638,244.955,1.579,0.000,218.000,2480.000,33.240,9.000,1.600,0.000,0.200,6556.633
2008-12-30,1195.238,113.206,244.638,3.402,0.000,245.000,7145.000,33.240,9.000,1.600,0.000,0.200,12530.633
2008-12-31,1964.188,129.272,243.297,5.688,2975.000,246.000,11860.000,33.240,9.000,1.600,0.000,0.200,17655.467
